-- TIPOUSUARIO
insert into TipoUsuario (IdTipoUsuario, Nombre) values (1,'SuperAdmin');
insert into TipoUsuario (IdTipoUsuario, Nombre) values (2,'Gerente');
insert into TipoUsuario (IdTipoUsuario, Nombre) values (3,'Cajero');
insert into TipoUsuario (IdTipoUsuario, Nombre) values (4,'Asistente');
insert into TipoUsuario (IdTipoUsuario, Nombre) values (5,'Mesero');
insert into TipoUsuario (IdTipoUsuario, Nombre) values (6,'Repartidor');


-- PROVINCIA
insert into provincia (IdProvincia, Descripcion) values (1,'SAN JOSE');
insert into provincia (IdProvincia, Descripcion) values (2,'ALAJUELA');
insert into provincia (IdProvincia, Descripcion) values (3,'CARTAGO');
insert into provincia (IdProvincia, Descripcion) values (4,'HEREDIA');
insert into provincia (IdProvincia, Descripcion) values (5,'GUANACASTE');
insert into provincia (IdProvincia, Descripcion) values (6,'PUNTARENAS');
insert into provincia (IdProvincia, Descripcion) values (7,'LIMON');

-- CANT흁
insert into canton(IdProvincia, IdCanton, Descripcion) values (1,1,'SAN JOSE');
insert into canton(IdProvincia, IdCanton, Descripcion) values (1,2,'ESCAZU');
insert into canton(IdProvincia, IdCanton, Descripcion) values (1,3,'DESAMPARADOS');
insert into canton(IdProvincia, IdCanton, Descripcion) values (1,4,'PURISCAL');
insert into canton(IdProvincia, IdCanton, Descripcion) values (1,5,'TARRAZU');
insert into canton(IdProvincia, IdCanton, Descripcion) values (1,6,'ASERRI');
insert into canton(IdProvincia, IdCanton, Descripcion) values (1,7,'MORA');
insert into canton(IdProvincia, IdCanton, Descripcion) values (1,8,'GOICOECHEA');
insert into canton(IdProvincia, IdCanton, Descripcion) values (1,9,'SANTA ANA');
insert into canton(IdProvincia, IdCanton, Descripcion) values (1,10,'ALAJUELITA');
insert into canton(IdProvincia, IdCanton, Descripcion) values (1,11,'VAZQUEZ DE CORONADO');
insert into canton(IdProvincia, IdCanton, Descripcion) values (1,12,'ACOSTA');
insert into canton(IdProvincia, IdCanton, Descripcion) values (1,13,'TIBAS');
insert into canton(IdProvincia, IdCanton, Descripcion) values (1,14,'MORAVIA');
insert into canton(IdProvincia, IdCanton, Descripcion) values (1,15,'MONTES DE OCA');
insert into canton(IdProvincia, IdCanton, Descripcion) values (1,16,'TURRUBARES');
insert into canton(IdProvincia, IdCanton, Descripcion) values (1,17,'DOTA');
insert into canton(IdProvincia, IdCanton, Descripcion) values (1,18,'CURRIDABAT');
insert into canton(IdProvincia, IdCanton, Descripcion) values (1,19,'PEREZ ZELEDON');
insert into canton(IdProvincia, IdCanton, Descripcion) values (1,20,'LEON CORTES');
insert into canton(IdProvincia, IdCanton, Descripcion) values (2,1,'ALAJUELA');
insert into canton(IdProvincia, IdCanton, Descripcion) values (2,2,'SAN RAMON');
insert into canton(IdProvincia, IdCanton, Descripcion) values (2,3,'GRECIA');
insert into canton(IdProvincia, IdCanton, Descripcion) values (2,4,'SAN MATEO');
insert into canton(IdProvincia, IdCanton, Descripcion) values (2,5,'ATENAS');
insert into canton(IdProvincia, IdCanton, Descripcion) values (2,6,'NARANJO');
insert into canton(IdProvincia, IdCanton, Descripcion) values (2,7,'PALMARES');
insert into canton(IdProvincia, IdCanton, Descripcion) values (2,8,'POAS');
insert into canton(IdProvincia, IdCanton, Descripcion) values (2,9,'OROTINA');
insert into canton(IdProvincia, IdCanton, Descripcion) values (2,10,'SAN CARLOS');
insert into canton(IdProvincia, IdCanton, Descripcion) values (2,11,'ZARCERO');
insert into canton(IdProvincia, IdCanton, Descripcion) values (2,12,'VALVERDE VEGA');
insert into canton(IdProvincia, IdCanton, Descripcion) values (2,13,'UPALA');
insert into canton(IdProvincia, IdCanton, Descripcion) values (2,14,'LOS CHILES');
insert into canton(IdProvincia, IdCanton, Descripcion) values (2,15,'GUATUSO');
insert into canton(IdProvincia, IdCanton, Descripcion) values (2,16,'RIO CUARTO');
insert into canton(IdProvincia, IdCanton, Descripcion) values (3,1,'CARTAGO');
insert into canton(IdProvincia, IdCanton, Descripcion) values (3,2,'PARAISO');
insert into canton(IdProvincia, IdCanton, Descripcion) values (3,3,'LA UNION');
insert into canton(IdProvincia, IdCanton, Descripcion) values (3,4,'JIMENEZ');
insert into canton(IdProvincia, IdCanton, Descripcion) values (3,5,'TURRIALBA');
insert into canton(IdProvincia, IdCanton, Descripcion) values (3,6,'ALVARADO');
insert into canton(IdProvincia, IdCanton, Descripcion) values (3,7,'OREAMUNO');
insert into canton(IdProvincia, IdCanton, Descripcion) values (3,8,'EL GUARCO');
insert into canton(IdProvincia, IdCanton, Descripcion) values (4,1,'HEREDIA');
insert into canton(IdProvincia, IdCanton, Descripcion) values (4,2,'BARVA');
insert into canton(IdProvincia, IdCanton, Descripcion) values (4,3,'SANTO DOMINGO');
insert into canton(IdProvincia, IdCanton, Descripcion) values (4,4,'SANTA BARBARA');
insert into canton(IdProvincia, IdCanton, Descripcion) values (4,5,'SAN RAFAEL');
insert into canton(IdProvincia, IdCanton, Descripcion) values (4,6,'SAN ISIDRO');
insert into canton(IdProvincia, IdCanton, Descripcion) values (4,7,'BELEN');
insert into canton(IdProvincia, IdCanton, Descripcion) values (4,8,'FLORES');
insert into canton(IdProvincia, IdCanton, Descripcion) values (4,9,'SAN PABLO');
insert into canton(IdProvincia, IdCanton, Descripcion) values (4,10,'SARAPIQUI');
insert into canton(IdProvincia, IdCanton, Descripcion) values (5,1,'LIBERIA');
insert into canton(IdProvincia, IdCanton, Descripcion) values (5,2,'NICOYA');
insert into canton(IdProvincia, IdCanton, Descripcion) values (5,3,'SANTA CRUZ');
insert into canton(IdProvincia, IdCanton, Descripcion) values (5,4,'BAGACES');
insert into canton(IdProvincia, IdCanton, Descripcion) values (5,5,'CARRILLO');
insert into canton(IdProvincia, IdCanton, Descripcion) values (5,6,'CA헤S');
insert into canton(IdProvincia, IdCanton, Descripcion) values (5,7,'ABANGARES');
insert into canton(IdProvincia, IdCanton, Descripcion) values (5,8,'TILARAN');
insert into canton(IdProvincia, IdCanton, Descripcion) values (5,9,'NANDAYURE');
insert into canton(IdProvincia, IdCanton, Descripcion) values (5,10,'LA CRUZ');
insert into canton(IdProvincia, IdCanton, Descripcion) values (5,11,'HOJANCHA');
insert into canton(IdProvincia, IdCanton, Descripcion) values (6,1,'PUNTARENAS');
insert into canton(IdProvincia, IdCanton, Descripcion) values (6,2,'ESPARZA');
insert into canton(IdProvincia, IdCanton, Descripcion) values (6,3,'BUENOS AIRES');
insert into canton(IdProvincia, IdCanton, Descripcion) values (6,4,'MONTES DE ORO');
insert into canton(IdProvincia, IdCanton, Descripcion) values (6,5,'OSA');
insert into canton(IdProvincia, IdCanton, Descripcion) values (6,6,'QUEPOS');
insert into canton(IdProvincia, IdCanton, Descripcion) values (6,7,'GOLFITO');
insert into canton(IdProvincia, IdCanton, Descripcion) values (6,8,'COTO BRUS');
insert into canton(IdProvincia, IdCanton, Descripcion) values (6,9,'PARRITA');
insert into canton(IdProvincia, IdCanton, Descripcion) values (6,10,'CORREDORES');
insert into canton(IdProvincia, IdCanton, Descripcion) values (6,11,'GARABITO');
insert into canton(IdProvincia, IdCanton, Descripcion) values (7,1,'LIMON');
insert into canton(IdProvincia, IdCanton, Descripcion) values (7,2,'POCOCI');
insert into canton(IdProvincia, IdCanton, Descripcion) values (7,3,'SIQUIRRES');
insert into canton(IdProvincia, IdCanton, Descripcion) values (7,4,'TALAMANCA');
insert into canton(IdProvincia, IdCanton, Descripcion) values (7,5,'MATINA');
insert into canton(IdProvincia, IdCanton, Descripcion) values (7,6,'GUACIMO');

-- DISTRITO
-- San Jose
insert into distrito(IdProvincia, IdCanton, IdDistrito, Descripcion) values (1,1,1,'CARMEN');
insert into distrito(IdProvincia, IdCanton, IdDistrito, Descripcion) values (1,1,2,'MERCED');
insert into distrito(IdProvincia, IdCanton, IdDistrito, Descripcion) values (1,1,3,'HOSPITAL');
insert into distrito(IdProvincia, IdCanton, IdDistrito, Descripcion) values (1,1,4,'CATEDRAL');
insert into distrito(IdProvincia, IdCanton, IdDistrito, Descripcion) values (1,1,5,'ZAPOTE');
insert into distrito(IdProvincia, IdCanton, IdDistrito, Descripcion) values (1,1,6,'SAN FRANSISCO DE DOS RIOS');
insert into distrito(IdProvincia, IdCanton, IdDistrito, Descripcion) values (1,1,7,'URUCA');
insert into distrito(IdProvincia, IdCanton, IdDistrito, Descripcion) values (1,1,8,'MATA REDONDA');
insert into distrito(IdProvincia, IdCanton, IdDistrito, Descripcion) values (1,1,9,'PAVAS');
insert into distrito(IdProvincia, IdCanton, IdDistrito, Descripcion) values (1,1,10,'HATILLO');
insert into distrito(IdProvincia, IdCanton, IdDistrito, Descripcion) values (1,1,11,'SAN SEBASTIAN');

insert into distrito(IdProvincia, IdCanton, IdDistrito, Descripcion) values (1,2,1,'ESCAZU');
insert into distrito(IdProvincia, IdCanton, IdDistrito, Descripcion) values (1,2,2,'SAN ANTONIO');
insert into distrito(IdProvincia, IdCanton, IdDistrito, Descripcion) values (1,2,3,'SAN RAFAEL');

insert into distrito(IdProvincia, IdCanton, IdDistrito, Descripcion) values (1,3,1,'DESAMPARADOS');
insert into distrito(IdProvincia, IdCanton, IdDistrito, Descripcion) values (1,3,2,'SAN MIGUEL');
insert into distrito(IdProvincia, IdCanton, IdDistrito, Descripcion) values (1,3,3,'SAN JUAN DE DIOS');
insert into distrito(IdProvincia, IdCanton, IdDistrito, Descripcion) values (1,3,4,'SAN RAFAEL ARRIBA');
insert into distrito(IdProvincia, IdCanton, IdDistrito, Descripcion) values (1,3,5,'SAN ANTONIO');
insert into distrito(IdProvincia, IdCanton, IdDistrito, Descripcion) values (1,3,6,'FRAILES');
insert into distrito(IdProvincia, IdCanton, IdDistrito, Descripcion) values (1,3,7,'PATARRA');
insert into distrito(IdProvincia, IdCanton, IdDistrito, Descripcion) values (1,3,8,'SAN CRISTOBAL');
insert into distrito(IdProvincia, IdCanton, IdDistrito, Descripcion) values (1,3,9,'ROSARIO');
insert into distrito(IdProvincia, IdCanton, IdDistrito, Descripcion) values (1,3,10,'DAMAS');
insert into distrito(IdProvincia, IdCanton, IdDistrito, Descripcion) values (1,3,11,'SAN RAFAEL ABAJO');
insert into distrito(IdProvincia, IdCanton, IdDistrito, Descripcion) values (1,3,12,'GRAVILIAS');
insert into distrito(IdProvincia, IdCanton, IdDistrito, Descripcion) values (1,3,13,'LOS GUIDO');

insert into distrito(IdProvincia, IdCanton, IdDistrito, Descripcion) values (1,4,1,'SANTIAGO');
insert into distrito(IdProvincia, IdCanton, IdDistrito, Descripcion) values (1,4,2,'MERECEDES SUR');
insert into distrito(IdProvincia, IdCanton, IdDistrito, Descripcion) values (1,4,3,'BARBACOAS');
insert into distrito(IdProvincia, IdCanton, IdDistrito, Descripcion) values (1,4,4,'GRIFO ALTO');
insert into distrito(IdProvincia, IdCanton, IdDistrito, Descripcion) values (1,4,5,'SAN RAFAEL');
insert into distrito(IdProvincia, IdCanton, IdDistrito, Descripcion) values (1,4,6,'CANDELARITA');
insert into distrito(IdProvincia, IdCanton, IdDistrito, Descripcion) values (1,4,7,'DESAMPARADITOS');
insert into distrito(IdProvincia, IdCanton, IdDistrito, Descripcion) values (1,4,8,'SAN ANTONIO');
insert into distrito(IdProvincia, IdCanton, IdDistrito, Descripcion) values (1,4,9,'CHIRES');
insert into distrito(IdProvincia, IdCanton, IdDistrito, Descripcion) values (1,4,10,'LA CANGREJA');

insert into distrito(IdProvincia, IdCanton, IdDistrito, Descripcion) values (1,5,1,'SAN MARCOS');
insert into distrito(IdProvincia, IdCanton, IdDistrito, Descripcion) values (1,5,2,'SAN LORENZO');
insert into distrito(IdProvincia, IdCanton, IdDistrito, Descripcion) values (1,5,3,'SAN CARLOS');

insert into distrito(IdProvincia, IdCanton, IdDistrito, Descripcion) values (1,6,1,'ASERRI');
insert into distrito(IdProvincia, IdCanton, IdDistrito, Descripcion) values (1,6,2,'TARBACA');
insert into distrito(IdProvincia, IdCanton, IdDistrito, Descripcion) values (1,6,3,'VUELTA DE JORCO');
insert into distrito(IdProvincia, IdCanton, IdDistrito, Descripcion) values (1,6,4,'SAN GABRIEL');
insert into distrito(IdProvincia, IdCanton, IdDistrito, Descripcion) values (1,6,5,'LEGUA');
insert into distrito(IdProvincia, IdCanton, IdDistrito, Descripcion) values (1,6,6,'MONTERREY');
insert into distrito(IdProvincia, IdCanton, IdDistrito, Descripcion) values (1,6,7,'SALITRILLOS');

insert into distrito(IdProvincia, IdCanton, IdDistrito, Descripcion) values (1,7,1,'CIUDAD COLON');
insert into distrito(IdProvincia, IdCanton, IdDistrito, Descripcion) values (1,7,2,'GUAYABO');
insert into distrito(IdProvincia, IdCanton, IdDistrito, Descripcion) values (1,7,3,'TABARCIA');
insert into distrito(IdProvincia, IdCanton, IdDistrito, Descripcion) values (1,7,4,'PIEDRAS NEGRAS');
insert into distrito(IdProvincia, IdCanton, IdDistrito, Descripcion) values (1,7,5,'PICAGRES');
insert into distrito(IdProvincia, IdCanton, IdDistrito, Descripcion) values (1,7,6,'JARIS');
insert into distrito(IdProvincia, IdCanton, IdDistrito, Descripcion) values (1,7,7,'QUITIRRISI');

insert into distrito(IdProvincia, IdCanton, IdDistrito, Descripcion) values (1,8,1,'GUADALUPE');
insert into distrito(IdProvincia, IdCanton, IdDistrito, Descripcion) values (1,8,2,'SAN FRANCISCO');
insert into distrito(IdProvincia, IdCanton, IdDistrito, Descripcion) values (1,8,3,'CALLE BLANCOS');
insert into distrito(IdProvincia, IdCanton, IdDistrito, Descripcion) values (1,8,4,'MATA DE PLATANO');
insert into distrito(IdProvincia, IdCanton, IdDistrito, Descripcion) values (1,8,5,'IPIS');
insert into distrito(IdProvincia, IdCanton, IdDistrito, Descripcion) values (1,8,6,'RANCHO REDONDO');
insert into distrito(IdProvincia, IdCanton, IdDistrito, Descripcion) values (1,8,7,'PURRAL');

insert into distrito(IdProvincia, IdCanton, IdDistrito, Descripcion) values (1,9,1,'SANTA ANA');
insert into distrito(IdProvincia, IdCanton, IdDistrito, Descripcion) values (1,9,2,'SALITRAL');
insert into distrito(IdProvincia, IdCanton, IdDistrito, Descripcion) values (1,9,3,'POZOS');
insert into distrito(IdProvincia, IdCanton, IdDistrito, Descripcion) values (1,9,4,'URUCA');
insert into distrito(IdProvincia, IdCanton, IdDistrito, Descripcion) values (1,9,5,'PIEDADES');
insert into distrito(IdProvincia, IdCanton, IdDistrito, Descripcion) values (1,9,6,'BRASIL');

insert into distrito(IdProvincia, IdCanton, IdDistrito, Descripcion) values (1,10,1,'ALAJUELITA');
insert into distrito(IdProvincia, IdCanton, IdDistrito, Descripcion) values (1,10,2,'SAN JOSECITO');
insert into distrito(IdProvincia, IdCanton, IdDistrito, Descripcion) values (1,10,3,'SAN ANTONIO');
insert into distrito(IdProvincia, IdCanton, IdDistrito, Descripcion) values (1,10,4,'CONCEPCION');
insert into distrito(IdProvincia, IdCanton, IdDistrito, Descripcion) values (1,10,5,'SAN FELIPE');

insert into distrito(IdProvincia, IdCanton, IdDistrito, Descripcion) values (1,11,1,'SAN ISIDRO');
insert into distrito(IdProvincia, IdCanton, IdDistrito, Descripcion) values (1,11,2,'SAN RAFAEL');
insert into distrito(IdProvincia, IdCanton, IdDistrito, Descripcion) values (1,11,3,'DULCE NOMBRE DE JESUS');
insert into distrito(IdProvincia, IdCanton, IdDistrito, Descripcion) values (1,11,4,'PATALILLO');
insert into distrito(IdProvincia, IdCanton, IdDistrito, Descripcion) values (1,11,5,'CASCAJAL');

insert into distrito(IdProvincia, IdCanton, IdDistrito, Descripcion) values (1,12,1,'SAN IGNACIO');
insert into distrito(IdProvincia, IdCanton, IdDistrito, Descripcion) values (1,12,2,'GUAITIL');
insert into distrito(IdProvincia, IdCanton, IdDistrito, Descripcion) values (1,12,3,'PALMICHAL');
insert into distrito(IdProvincia, IdCanton, IdDistrito, Descripcion) values (1,12,4,'CANGREJAL');
insert into distrito(IdProvincia, IdCanton, IdDistrito, Descripcion) values (1,12,5,'SABANILLAS');

insert into distrito(IdProvincia, IdCanton, IdDistrito, Descripcion) values (1,13,1,'SAN JUAN');
insert into distrito(IdProvincia, IdCanton, IdDistrito, Descripcion) values (1,13,2,'CINCO ESQUINAS');
insert into distrito(IdProvincia, IdCanton, IdDistrito, Descripcion) values (1,13,3,'ANSELMO LLORENTE');
insert into distrito(IdProvincia, IdCanton, IdDistrito, Descripcion) values (1,13,4,'LEON XIII');
insert into distrito(IdProvincia, IdCanton, IdDistrito, Descripcion) values (1,13,5,'COLIMA');

insert into distrito(IdProvincia, IdCanton, IdDistrito, Descripcion) values (1,14,1,'SAN VICENTE');
insert into distrito(IdProvincia, IdCanton, IdDistrito, Descripcion) values (1,14,2,'SAN JERONIMO');
insert into distrito(IdProvincia, IdCanton, IdDistrito, Descripcion) values (1,14,3,'TRINIDAD');

insert into distrito(IdProvincia, IdCanton, IdDistrito, Descripcion) values (1,15,1,'SAN PEDRO');
insert into distrito(IdProvincia, IdCanton, IdDistrito, Descripcion) values (1,15,2,'SABANILLA');
insert into distrito(IdProvincia, IdCanton, IdDistrito, Descripcion) values (1,15,3,'MERCEDES');
insert into distrito(IdProvincia, IdCanton, IdDistrito, Descripcion) values (1,15,4,'SAN RAFAEL');

insert into distrito(IdProvincia, IdCanton, IdDistrito, Descripcion) values (1,16,1,'SAN PABLO');
insert into distrito(IdProvincia, IdCanton, IdDistrito, Descripcion) values (1,16,2,'SAN PEDRO');
insert into distrito(IdProvincia, IdCanton, IdDistrito, Descripcion) values (1,16,3,'SAN JUAN DE MATA');
insert into distrito(IdProvincia, IdCanton, IdDistrito, Descripcion) values (1,16,4,'SAN LUIS');
insert into distrito(IdProvincia, IdCanton, IdDistrito, Descripcion) values (1,16,5,'CARARA');

insert into distrito(IdProvincia, IdCanton, IdDistrito, Descripcion) values (1,17,1,'SANTA MARIA');
insert into distrito(IdProvincia, IdCanton, IdDistrito, Descripcion) values (1,17,2,'JARDIN');
insert into distrito(IdProvincia, IdCanton, IdDistrito, Descripcion) values (1,17,3,'COPEY');

insert into distrito(IdProvincia, IdCanton, IdDistrito, Descripcion) values (1,18,1,'CURRIDABAT');
insert into distrito(IdProvincia, IdCanton, IdDistrito, Descripcion) values (1,18,2,'GRANADILLA');
insert into distrito(IdProvincia, IdCanton, IdDistrito, Descripcion) values (1,18,3,'SANCHEZ');
insert into distrito(IdProvincia, IdCanton, IdDistrito, Descripcion) values (1,18,4,'TIRRASES');

insert into distrito(IdProvincia, IdCanton, IdDistrito, Descripcion) values (1,19,1,'SAN ISIDRO DE EL GENERAL');
insert into distrito(IdProvincia, IdCanton, IdDistrito, Descripcion) values (1,19,2,'EL GENERAL');
insert into distrito(IdProvincia, IdCanton, IdDistrito, Descripcion) values (1,19,3,'DANIEL FLORES');
insert into distrito(IdProvincia, IdCanton, IdDistrito, Descripcion) values (1,19,4,'RIVAS');
insert into distrito(IdProvincia, IdCanton, IdDistrito, Descripcion) values (1,19,5,'SAN PEDRO');
insert into distrito(IdProvincia, IdCanton, IdDistrito, Descripcion) values (1,19,6,'PLATANARES');
insert into distrito(IdProvincia, IdCanton, IdDistrito, Descripcion) values (1,19,7,'PEJIBAYE');
insert into distrito(IdProvincia, IdCanton, IdDistrito, Descripcion) values (1,19,8,'CAJON');
insert into distrito(IdProvincia, IdCanton, IdDistrito, Descripcion) values (1,19,9,'BARU');
insert into distrito(IdProvincia, IdCanton, IdDistrito, Descripcion) values (1,19,10,'RIO NUEVO');
insert into distrito(IdProvincia, IdCanton, IdDistrito, Descripcion) values (1,19,11,'PARAMO');
insert into distrito(IdProvincia, IdCanton, IdDistrito, Descripcion) values (1,19,12,'LA AMISTAD');

insert into distrito(IdProvincia, IdCanton, IdDistrito, Descripcion) values (1,20,1,'SAN PABLO');
insert into distrito(IdProvincia, IdCanton, IdDistrito, Descripcion) values (1,20,2,'SAN ANDRES');
insert into distrito(IdProvincia, IdCanton, IdDistrito, Descripcion) values (1,20,3,'LLANO BONITO');
insert into distrito(IdProvincia, IdCanton, IdDistrito, Descripcion) values (1,20,4,'SAN ISIDRO');
insert into distrito(IdProvincia, IdCanton, IdDistrito, Descripcion) values (1,20,5,'SANTA CRUZ');
insert into distrito(IdProvincia, IdCanton, IdDistrito, Descripcion) values (1,20,6,'SAN ANTONIO');

-- Alajuela
insert into distrito(IdProvincia, IdCanton, IdDistrito, Descripcion) values (2,1,1,'ALAJUELA');
insert into distrito(IdProvincia, IdCanton, IdDistrito, Descripcion) values (2,1,2,'SAN JOSE');
insert into distrito(IdProvincia, IdCanton, IdDistrito, Descripcion) values (2,1,3,'CARRIZAL');
insert into distrito(IdProvincia, IdCanton, IdDistrito, Descripcion) values (2,1,4,'SAN ANTONIO');
insert into distrito(IdProvincia, IdCanton, IdDistrito, Descripcion) values (2,1,5,'GUACIMA');
insert into distrito(IdProvincia, IdCanton, IdDistrito, Descripcion) values (2,1,6,'SAN ISIDRO');
insert into distrito(IdProvincia, IdCanton, IdDistrito, Descripcion) values (2,1,7,'SABANILLA');
insert into distrito(IdProvincia, IdCanton, IdDistrito, Descripcion) values (2,1,8,'SAN RAFAEL');
insert into distrito(IdProvincia, IdCanton, IdDistrito, Descripcion) values (2,1,9,'RIO SEGUNDO');
insert into distrito(IdProvincia, IdCanton, IdDistrito, Descripcion) values (2,1,10,'DESAMPARADOS');
insert into distrito(IdProvincia, IdCanton, IdDistrito, Descripcion) values (2,1,11,'TURRUCARES');
insert into distrito(IdProvincia, IdCanton, IdDistrito, Descripcion) values (2,1,12,'TAMBOR');
insert into distrito(IdProvincia, IdCanton, IdDistrito, Descripcion) values (2,1,13,'GARITA');
insert into distrito(IdProvincia, IdCanton, IdDistrito, Descripcion) values (2,1,14,'SARAPIQUI');

insert into distrito(IdProvincia, IdCanton, IdDistrito, Descripcion) values (2,2,1,'SAN RAMON');
insert into distrito(IdProvincia, IdCanton, IdDistrito, Descripcion) values (2,2,2,'SANTIAGO');
insert into distrito(IdProvincia, IdCanton, IdDistrito, Descripcion) values (2,2,3,'SAN JUAN');
insert into distrito(IdProvincia, IdCanton, IdDistrito, Descripcion) values (2,2,4,'PIEDADES SUR');
insert into distrito(IdProvincia, IdCanton, IdDistrito, Descripcion) values (2,2,5,'SAN RAFAEL');
insert into distrito(IdProvincia, IdCanton, IdDistrito, Descripcion) values (2,2,6,'SAN ISIDRO');
insert into distrito(IdProvincia, IdCanton, IdDistrito, Descripcion) values (2,2,7,'ANGELES');
insert into distrito(IdProvincia, IdCanton, IdDistrito, Descripcion) values (2,2,8,'ALFARO');
insert into distrito(IdProvincia, IdCanton, IdDistrito, Descripcion) values (2,2,9,'VOLIO');
insert into distrito(IdProvincia, IdCanton, IdDistrito, Descripcion) values (2,2,10,'CONCEPCION');
insert into distrito(IdProvincia, IdCanton, IdDistrito, Descripcion) values (2,2,11,'ZAPOTAL');
insert into distrito(IdProvincia, IdCanton, IdDistrito, Descripcion) values (2,2,12,'PE헤S BLANCAS');
insert into distrito(IdProvincia, IdCanton, IdDistrito, Descripcion) values (2,2,13,'SAN LORENZO');

insert into distrito(IdProvincia, IdCanton, IdDistrito, Descripcion) values (2,3,1,'GRECIA');
insert into distrito(IdProvincia, IdCanton, IdDistrito, Descripcion) values (2,3,2,'SAN ISIDRO');
insert into distrito(IdProvincia, IdCanton, IdDistrito, Descripcion) values (2,3,3,'SAN JOSE');
insert into distrito(IdProvincia, IdCanton, IdDistrito, Descripcion) values (2,3,4,'SAN ROQUE');
insert into distrito(IdProvincia, IdCanton, IdDistrito, Descripcion) values (2,3,5,'TACARES');
insert into distrito(IdProvincia, IdCanton, IdDistrito, Descripcion) values (2,3,6,'PUENTE DE PIEDRA');
insert into distrito(IdProvincia, IdCanton, IdDistrito, Descripcion) values (2,3,7,'BOLIVAR');

insert into distrito(IdProvincia, IdCanton, IdDistrito, Descripcion) values (2,4,1,'SAN MATEO');
insert into distrito(IdProvincia, IdCanton, IdDistrito, Descripcion) values (2,4,2,'DESMONTE');
insert into distrito(IdProvincia, IdCanton, IdDistrito, Descripcion) values (2,4,3,'JESUS MARIA');
insert into distrito(IdProvincia, IdCanton, IdDistrito, Descripcion) values (2,4,4,'LABRADOR');

insert into distrito(IdProvincia, IdCanton, IdDistrito, Descripcion) values (2,5,1,'ATENAS');
insert into distrito(IdProvincia, IdCanton, IdDistrito, Descripcion) values (2,5,2,'JESUS');
insert into distrito(IdProvincia, IdCanton, IdDistrito, Descripcion) values (2,5,3,'MERCEDES');
insert into distrito(IdProvincia, IdCanton, IdDistrito, Descripcion) values (2,5,4,'SAN ISIDRO');
insert into distrito(IdProvincia, IdCanton, IdDistrito, Descripcion) values (2,5,5,'CONCEPCION');
insert into distrito(IdProvincia, IdCanton, IdDistrito, Descripcion) values (2,5,6,'SAN JOSE');
insert into distrito(IdProvincia, IdCanton, IdDistrito, Descripcion) values (2,5,7,'SANTA EULALIA');
insert into distrito(IdProvincia, IdCanton, IdDistrito, Descripcion) values (2,5,8,'ESCOBAL');

insert into distrito(IdProvincia, IdCanton, IdDistrito, Descripcion) values (2,6,1,'NARANJO');
insert into distrito(IdProvincia, IdCanton, IdDistrito, Descripcion) values (2,6,2,'SAN MIGUEL');
insert into distrito(IdProvincia, IdCanton, IdDistrito, Descripcion) values (2,6,3,'SAN JOSE');
insert into distrito(IdProvincia, IdCanton, IdDistrito, Descripcion) values (2,6,4,'CIRRI SUR');
insert into distrito(IdProvincia, IdCanton, IdDistrito, Descripcion) values (2,6,5,'SAN JERONIMO');
insert into distrito(IdProvincia, IdCanton, IdDistrito, Descripcion) values (2,6,6,'SAN JUAN');
insert into distrito(IdProvincia, IdCanton, IdDistrito, Descripcion) values (2,6,7,'EL ROSARIO');
insert into distrito(IdProvincia, IdCanton, IdDistrito, Descripcion) values (2,6,8,'PALMITOS');

insert into distrito(IdProvincia, IdCanton, IdDistrito, Descripcion) values (2,7,1,'PALMARES');
insert into distrito(IdProvincia, IdCanton, IdDistrito, Descripcion) values (2,7,2,'ZARAGOZA');
insert into distrito(IdProvincia, IdCanton, IdDistrito, Descripcion) values (2,7,3,'BUENOS AIRES');
insert into distrito(IdProvincia, IdCanton, IdDistrito, Descripcion) values (2,7,4,'SANTIAGO');
insert into distrito(IdProvincia, IdCanton, IdDistrito, Descripcion) values (2,7,5,'CANDELARIA');
insert into distrito(IdProvincia, IdCanton, IdDistrito, Descripcion) values (2,7,6,'ESQUIPULAS');
insert into distrito(IdProvincia, IdCanton, IdDistrito, Descripcion) values (2,7,7,'LA GRANJA');

insert into distrito(IdProvincia, IdCanton, IdDistrito, Descripcion) values (2,8,1,'SAN PEDRO');
insert into distrito(IdProvincia, IdCanton, IdDistrito, Descripcion) values (2,8,2,'SAN JUAN');
insert into distrito(IdProvincia, IdCanton, IdDistrito, Descripcion) values (2,8,3,'SAN RAFAEL');
insert into distrito(IdProvincia, IdCanton, IdDistrito, Descripcion) values (2,8,4,'CARRILLOS');
insert into distrito(IdProvincia, IdCanton, IdDistrito, Descripcion) values (2,8,5,'SABANA REDONDA');

insert into distrito(IdProvincia, IdCanton, IdDistrito, Descripcion) values (2,9,1,'OROTINA');
insert into distrito(IdProvincia, IdCanton, IdDistrito, Descripcion) values (2,9,2,'MASTATE');
insert into distrito(IdProvincia, IdCanton, IdDistrito, Descripcion) values (2,9,3,'HACIENDA VIEJA');
insert into distrito(IdProvincia, IdCanton, IdDistrito, Descripcion) values (2,9,4,'COYOLAR');
insert into distrito(IdProvincia, IdCanton, IdDistrito, Descripcion) values (2,9,5,'LA CEIBA');

insert into distrito(IdProvincia, IdCanton, IdDistrito, Descripcion) values (2,10,1,'QUESADA');
insert into distrito(IdProvincia, IdCanton, IdDistrito, Descripcion) values (2,10,2,'FLORENCIA');
insert into distrito(IdProvincia, IdCanton, IdDistrito, Descripcion) values (2,10,3,'BUENAVISTA');
insert into distrito(IdProvincia, IdCanton, IdDistrito, Descripcion) values (2,10,4,'AGUAS ZARCAS');
insert into distrito(IdProvincia, IdCanton, IdDistrito, Descripcion) values (2,10,5,'VENECIA');
insert into distrito(IdProvincia, IdCanton, IdDistrito, Descripcion) values (2,10,6,'PITAL');
insert into distrito(IdProvincia, IdCanton, IdDistrito, Descripcion) values (2,10,7,'LA FORTUNA');
insert into distrito(IdProvincia, IdCanton, IdDistrito, Descripcion) values (2,10,8,'LA TIGRA');
insert into distrito(IdProvincia, IdCanton, IdDistrito, Descripcion) values (2,10,9,'LA PALMERA');
insert into distrito(IdProvincia, IdCanton, IdDistrito, Descripcion) values (2,10,10,'VENADO');
insert into distrito(IdProvincia, IdCanton, IdDistrito, Descripcion) values (2,10,11,'CUTRIS');
insert into distrito(IdProvincia, IdCanton, IdDistrito, Descripcion) values (2,10,12,'MONTERREY');
insert into distrito(IdProvincia, IdCanton, IdDistrito, Descripcion) values (2,10,13,'POCOSOL');

insert into distrito(IdProvincia, IdCanton, IdDistrito, Descripcion) values (2,11,1,'ZACERO');
insert into distrito(IdProvincia, IdCanton, IdDistrito, Descripcion) values (2,11,2,'LAGUNA');
insert into distrito(IdProvincia, IdCanton, IdDistrito, Descripcion) values (2,11,3,'TAPEZCO');
insert into distrito(IdProvincia, IdCanton, IdDistrito, Descripcion) values (2,11,4,'GUADALUPE');
insert into distrito(IdProvincia, IdCanton, IdDistrito, Descripcion) values (2,11,5,'PALMIRA');
insert into distrito(IdProvincia, IdCanton, IdDistrito, Descripcion) values (2,11,6,'ZAPOTE');
insert into distrito(IdProvincia, IdCanton, IdDistrito, Descripcion) values (2,11,7,'BRISAS');

insert into distrito(IdProvincia, IdCanton, IdDistrito, Descripcion) values (2,12,1,'SARCHI NORTE');
insert into distrito(IdProvincia, IdCanton, IdDistrito, Descripcion) values (2,12,2,'SARCHI SUR');
insert into distrito(IdProvincia, IdCanton, IdDistrito, Descripcion) values (2,12,3,'TORO AMARILLO');
insert into distrito(IdProvincia, IdCanton, IdDistrito, Descripcion) values (2,12,4,'SAN PEDRO');
insert into distrito(IdProvincia, IdCanton, IdDistrito, Descripcion) values (2,12,5,'RODRIGUEZ');

insert into distrito(IdProvincia, IdCanton, IdDistrito, Descripcion) values (2,13,1,'UPALA');
insert into distrito(IdProvincia, IdCanton, IdDistrito, Descripcion) values (2,13,2,'AGUAS CLARAS');
insert into distrito(IdProvincia, IdCanton, IdDistrito, Descripcion) values (2,13,3,'SAN JOSE (PIZOTE)');
insert into distrito(IdProvincia, IdCanton, IdDistrito, Descripcion) values (2,13,4,'BIJAGUA');
insert into distrito(IdProvincia, IdCanton, IdDistrito, Descripcion) values (2,13,5,'DELICIAS');
insert into distrito(IdProvincia, IdCanton, IdDistrito, Descripcion) values (2,13,6,'DOS RIOS');
insert into distrito(IdProvincia, IdCanton, IdDistrito, Descripcion) values (2,13,7,'YOLILLAL');
insert into distrito(IdProvincia, IdCanton, IdDistrito, Descripcion) values (2,13,8,'CANALETE');

insert into distrito(IdProvincia, IdCanton, IdDistrito, Descripcion) values (2,14,1,'LOS CHILES');
insert into distrito(IdProvincia, IdCanton, IdDistrito, Descripcion) values (2,14,2,'CA헲 NEGRO');
insert into distrito(IdProvincia, IdCanton, IdDistrito, Descripcion) values (2,14,3,'EL AMPARO');
insert into distrito(IdProvincia, IdCanton, IdDistrito, Descripcion) values (2,14,4,'SAN JORGE');

insert into distrito(IdProvincia, IdCanton, IdDistrito, Descripcion) values (2,15,1,'SAN RAFAEL');
insert into distrito(IdProvincia, IdCanton, IdDistrito, Descripcion) values (2,15,2,'BUENAVISTA');
insert into distrito(IdProvincia, IdCanton, IdDistrito, Descripcion) values (2,15,3,'COTE');
insert into distrito(IdProvincia, IdCanton, IdDistrito, Descripcion) values (2,15,4,'KATIRA');

insert into distrito(IdProvincia, IdCanton, IdDistrito, Descripcion) values (2,16,1,'RIO CUARTO');

-- Cartago
insert into distrito(IdProvincia, IdCanton, IdDistrito, Descripcion) values (3,1,1,'ORIENTAL');
insert into distrito(IdProvincia, IdCanton, IdDistrito, Descripcion) values (3,1,2,'OCCIDENTAL');
insert into distrito(IdProvincia, IdCanton, IdDistrito, Descripcion) values (3,1,3,'CARMEN');
insert into distrito(IdProvincia, IdCanton, IdDistrito, Descripcion) values (3,1,4,'SAN NICOLAS');
insert into distrito(IdProvincia, IdCanton, IdDistrito, Descripcion) values (3,1,5,'AGUA CALIENTE (SAN FRACISCO)');
insert into distrito(IdProvincia, IdCanton, IdDistrito, Descripcion) values (3,1,6,'GUADALUPE (ARENILLA)');
insert into distrito(IdProvincia, IdCanton, IdDistrito, Descripcion) values (3,1,7,'CORRALILLO');
insert into distrito(IdProvincia, IdCanton, IdDistrito, Descripcion) values (3,1,8,'TIERRA BLANCA');
insert into distrito(IdProvincia, IdCanton, IdDistrito, Descripcion) values (3,1,9,'DULCE NOMBRE');
insert into distrito(IdProvincia, IdCanton, IdDistrito, Descripcion) values (3,1,10,'LLANO GRANDE');
insert into distrito(IdProvincia, IdCanton, IdDistrito, Descripcion) values (3,1,11,'QUEBRADILLA');

insert into distrito(IdProvincia, IdCanton, IdDistrito, Descripcion) values (3,2,1,'PARAISO');
insert into distrito(IdProvincia, IdCanton, IdDistrito, Descripcion) values (3,2,2,'SANTIAGO DE PARAISO');
insert into distrito(IdProvincia, IdCanton, IdDistrito, Descripcion) values (3,2,3,'OROSI');
insert into distrito(IdProvincia, IdCanton, IdDistrito, Descripcion) values (3,2,4,'CACHI');
insert into distrito(IdProvincia, IdCanton, IdDistrito, Descripcion) values (3,2,5,'LLANOS DE SANTA LUCIA');

insert into distrito(IdProvincia, IdCanton, IdDistrito, Descripcion) values (3,3,1,'TRES RIOS');
insert into distrito(IdProvincia, IdCanton, IdDistrito, Descripcion) values (3,3,2,'SAN DIEGO');
insert into distrito(IdProvincia, IdCanton, IdDistrito, Descripcion) values (3,3,3,'SAN JUAN');
insert into distrito(IdProvincia, IdCanton, IdDistrito, Descripcion) values (3,3,4,'SAN RAFAEL');
insert into distrito(IdProvincia, IdCanton, IdDistrito, Descripcion) values (3,3,5,'CONCEPCION');
insert into distrito(IdProvincia, IdCanton, IdDistrito, Descripcion) values (3,3,6,'DULCE NOMBRE');
insert into distrito(IdProvincia, IdCanton, IdDistrito, Descripcion) values (3,3,7,'SAN RAMON');
insert into distrito(IdProvincia, IdCanton, IdDistrito, Descripcion) values (3,3,8,'RIO AZUL');

insert into distrito(IdProvincia, IdCanton, IdDistrito, Descripcion) values (3,4,1,'JUAN VI헤S');
insert into distrito(IdProvincia, IdCanton, IdDistrito, Descripcion) values (3,4,2,'TUCURRIQUE');
insert into distrito(IdProvincia, IdCanton, IdDistrito, Descripcion) values (3,4,3,'PEJIBAYE');

insert into distrito(IdProvincia, IdCanton, IdDistrito, Descripcion) values (3,5,1,'TURRIALBA');
insert into distrito(IdProvincia, IdCanton, IdDistrito, Descripcion) values (3,5,2,'LA SUIZA');
insert into distrito(IdProvincia, IdCanton, IdDistrito, Descripcion) values (3,5,3,'PERALTA');
insert into distrito(IdProvincia, IdCanton, IdDistrito, Descripcion) values (3,5,4,'SANTA CRUZ');
insert into distrito(IdProvincia, IdCanton, IdDistrito, Descripcion) values (3,5,5,'SANTA TERESITA');
insert into distrito(IdProvincia, IdCanton, IdDistrito, Descripcion) values (3,5,6,'PAVONES');
insert into distrito(IdProvincia, IdCanton, IdDistrito, Descripcion) values (3,5,7,'TUIS');
insert into distrito(IdProvincia, IdCanton, IdDistrito, Descripcion) values (3,5,8,'TAYUTIC');
insert into distrito(IdProvincia, IdCanton, IdDistrito, Descripcion) values (3,5,9,'SANTA ROSA');
insert into distrito(IdProvincia, IdCanton, IdDistrito, Descripcion) values (3,5,10,'TRES EQUIS');
insert into distrito(IdProvincia, IdCanton, IdDistrito, Descripcion) values (3,5,11,'LA ISABEL');
insert into distrito(IdProvincia, IdCanton, IdDistrito, Descripcion) values (3,5,12,'CHIRRIPO');

insert into distrito(IdProvincia, IdCanton, IdDistrito, Descripcion) values (3,6,1,'PACAYAS');
insert into distrito(IdProvincia, IdCanton, IdDistrito, Descripcion) values (3,6,2,'CERVANTES');
insert into distrito(IdProvincia, IdCanton, IdDistrito, Descripcion) values (3,6,3,'CAPELLADES');

insert into distrito(IdProvincia, IdCanton, IdDistrito, Descripcion) values (3,7,1,'SAN RAFAEL');
insert into distrito(IdProvincia, IdCanton, IdDistrito, Descripcion) values (3,7,2,'COT');
insert into distrito(IdProvincia, IdCanton, IdDistrito, Descripcion) values (3,7,3,'POTRERO CERRADO');
insert into distrito(IdProvincia, IdCanton, IdDistrito, Descripcion) values (3,7,4,'CIPRESES');
insert into distrito(IdProvincia, IdCanton, IdDistrito, Descripcion) values (3,7,5,'SANTA ROSA');

insert into distrito(IdProvincia, IdCanton, IdDistrito, Descripcion) values (3,8,1,'TEJAR');
insert into distrito(IdProvincia, IdCanton, IdDistrito, Descripcion) values (3,8,2,'SAN ISIDRO');
insert into distrito(IdProvincia, IdCanton, IdDistrito, Descripcion) values (3,8,3,'TOBOSI');
insert into distrito(IdProvincia, IdCanton, IdDistrito, Descripcion) values (3,8,4,'PATIO DE AGUA');

-- Heredia
insert into distrito(IdProvincia, IdCanton, IdDistrito, Descripcion) values (4,1,1,'HEREDIA');
insert into distrito(IdProvincia, IdCanton, IdDistrito, Descripcion) values (4,1,2,'MERCEDES');
insert into distrito(IdProvincia, IdCanton, IdDistrito, Descripcion) values (4,1,3,'SAN FRANCISCO');
insert into distrito(IdProvincia, IdCanton, IdDistrito, Descripcion) values (4,1,4,'ULLOA');
insert into distrito(IdProvincia, IdCanton, IdDistrito, Descripcion) values (4,1,5,'VARABLANCA');

insert into distrito(IdProvincia, IdCanton, IdDistrito, Descripcion) values (4,2,1,'BARVA');
insert into distrito(IdProvincia, IdCanton, IdDistrito, Descripcion) values (4,2,2,'SAN PEDRO');
insert into distrito(IdProvincia, IdCanton, IdDistrito, Descripcion) values (4,2,3,'SAN PABLO');
insert into distrito(IdProvincia, IdCanton, IdDistrito, Descripcion) values (4,2,4,'SAN ROQUE');
insert into distrito(IdProvincia, IdCanton, IdDistrito, Descripcion) values (4,2,5,'SANTA LUCIA');
insert into distrito(IdProvincia, IdCanton, IdDistrito, Descripcion) values (4,2,6,'SAN JOSE DE LA MONTA헤');

insert into distrito(IdProvincia, IdCanton, IdDistrito, Descripcion) values (4,3,1,'SANTO DOMINGO');
insert into distrito(IdProvincia, IdCanton, IdDistrito, Descripcion) values (4,3,2,'SAN VICENTE');
insert into distrito(IdProvincia, IdCanton, IdDistrito, Descripcion) values (4,3,3,'SAN MIGUEL');
insert into distrito(IdProvincia, IdCanton, IdDistrito, Descripcion) values (4,3,4,'PARACITO');
insert into distrito(IdProvincia, IdCanton, IdDistrito, Descripcion) values (4,3,5,'SANTO TOMAS');
insert into distrito(IdProvincia, IdCanton, IdDistrito, Descripcion) values (4,3,6,'SANTA ROSA');
insert into distrito(IdProvincia, IdCanton, IdDistrito, Descripcion) values (4,3,7,'TURES');
insert into distrito(IdProvincia, IdCanton, IdDistrito, Descripcion) values (4,3,8,'PARA');

insert into distrito(IdProvincia, IdCanton, IdDistrito, Descripcion) values (4,4,1,'SANTA BARBARA');
insert into distrito(IdProvincia, IdCanton, IdDistrito, Descripcion) values (4,4,2,'SAN PEDRO');
insert into distrito(IdProvincia, IdCanton, IdDistrito, Descripcion) values (4,4,3,'SAN JUAN');
insert into distrito(IdProvincia, IdCanton, IdDistrito, Descripcion) values (4,4,4,'JESUS');
insert into distrito(IdProvincia, IdCanton, IdDistrito, Descripcion) values (4,4,5,'SANTO DOMINGO');
insert into distrito(IdProvincia, IdCanton, IdDistrito, Descripcion) values (4,4,6,'PURABA');

insert into distrito(IdProvincia, IdCanton, IdDistrito, Descripcion) values (4,5,1,'SAN RAFAEL');
insert into distrito(IdProvincia, IdCanton, IdDistrito, Descripcion) values (4,5,2,'SAN JOSECITO');
insert into distrito(IdProvincia, IdCanton, IdDistrito, Descripcion) values (4,5,3,'SANTIAGO');
insert into distrito(IdProvincia, IdCanton, IdDistrito, Descripcion) values (4,5,4,'ANGELES');
insert into distrito(IdProvincia, IdCanton, IdDistrito, Descripcion) values (4,5,5,'CONCEPCION');

insert into distrito(IdProvincia, IdCanton, IdDistrito, Descripcion) values (4,6,1,'SAN ISIDRO');
insert into distrito(IdProvincia, IdCanton, IdDistrito, Descripcion) values (4,6,2,'SAN JOSE');
insert into distrito(IdProvincia, IdCanton, IdDistrito, Descripcion) values (4,6,3,'CONCEPCION');
insert into distrito(IdProvincia, IdCanton, IdDistrito, Descripcion) values (4,6,4,'SAN FRANCISCO');

insert into distrito(IdProvincia, IdCanton, IdDistrito, Descripcion) values (4,7,1,'SAN ANTONIO');
insert into distrito(IdProvincia, IdCanton, IdDistrito, Descripcion) values (4,7,2,'LA RIBERA');
insert into distrito(IdProvincia, IdCanton, IdDistrito, Descripcion) values (4,7,3,'LA ASUNCION');

insert into distrito(IdProvincia, IdCanton, IdDistrito, Descripcion) values (4,8,1,'SAN JOAQUIN');
insert into distrito(IdProvincia, IdCanton, IdDistrito, Descripcion) values (4,8,2,'BARRANTES');
insert into distrito(IdProvincia, IdCanton, IdDistrito, Descripcion) values (4,8,3,'LLORENTE');

insert into distrito(IdProvincia, IdCanton, IdDistrito, Descripcion) values (4,9,1,'SAN PABLO');
insert into distrito(IdProvincia, IdCanton, IdDistrito, Descripcion) values (4,9,2,'RINCON DE SABANILLA');

insert into distrito(IdProvincia, IdCanton, IdDistrito, Descripcion) values (4,10,1,'PUERTO VIEJO');
insert into distrito(IdProvincia, IdCanton, IdDistrito, Descripcion) values (4,10,2,'LA VIRGEN');
insert into distrito(IdProvincia, IdCanton, IdDistrito, Descripcion) values (4,10,3,'LAS HORQUETAS');
insert into distrito(IdProvincia, IdCanton, IdDistrito, Descripcion) values (4,10,4,'LLANURAS DEL GASPAR');
insert into distrito(IdProvincia, IdCanton, IdDistrito, Descripcion) values (4,10,5,'CURE헤');

-- Guanacaste
insert into distrito(IdProvincia, IdCanton, IdDistrito, Descripcion) values (5,1,1,'LIBERIA');
insert into distrito(IdProvincia, IdCanton, IdDistrito, Descripcion) values (5,1,2,'CA헤S DULCES');
insert into distrito(IdProvincia, IdCanton, IdDistrito, Descripcion) values (5,1,3,'MAYORGA');
insert into distrito(IdProvincia, IdCanton, IdDistrito, Descripcion) values (5,1,4,'NACASCOLO');
insert into distrito(IdProvincia, IdCanton, IdDistrito, Descripcion) values (5,1,5,'CURUBANDE');

insert into distrito(IdProvincia, IdCanton, IdDistrito, Descripcion) values (5,2,1,'NICOYA');
insert into distrito(IdProvincia, IdCanton, IdDistrito, Descripcion) values (5,2,2,'MANSION');
insert into distrito(IdProvincia, IdCanton, IdDistrito, Descripcion) values (5,2,3,'SAN ANTONIO');
insert into distrito(IdProvincia, IdCanton, IdDistrito, Descripcion) values (5,2,4,'QUEBRADA HONDA');
insert into distrito(IdProvincia, IdCanton, IdDistrito, Descripcion) values (5,2,5,'SAMARA');
insert into distrito(IdProvincia, IdCanton, IdDistrito, Descripcion) values (5,2,6,'NOSARA');
insert into distrito(IdProvincia, IdCanton, IdDistrito, Descripcion) values (5,2,7,'BELEN DE NOSARITA');

insert into distrito(IdProvincia, IdCanton, IdDistrito, Descripcion) values (5,3,1,'SANTA CRUZ');
insert into distrito(IdProvincia, IdCanton, IdDistrito, Descripcion) values (5,3,2,'BOLSON');
insert into distrito(IdProvincia, IdCanton, IdDistrito, Descripcion) values (5,3,3,'VEINTISIETE DE ABRIL');
insert into distrito(IdProvincia, IdCanton, IdDistrito, Descripcion) values (5,3,4,'TEMPATE');
insert into distrito(IdProvincia, IdCanton, IdDistrito, Descripcion) values (5,3,5,'CARTAGENA');
insert into distrito(IdProvincia, IdCanton, IdDistrito, Descripcion) values (5,3,6,'CUAJINIQUIL');
insert into distrito(IdProvincia, IdCanton, IdDistrito, Descripcion) values (5,3,7,'DIRIA');
insert into distrito(IdProvincia, IdCanton, IdDistrito, Descripcion) values (5,3,8,'CABO VELAS');
insert into distrito(IdProvincia, IdCanton, IdDistrito, Descripcion) values (5,3,9,'TAMARINDO');

insert into distrito(IdProvincia, IdCanton, IdDistrito, Descripcion) values (5,4,1,'BAGACES');
insert into distrito(IdProvincia, IdCanton, IdDistrito, Descripcion) values (5,4,2,'LA FORTUNA');
insert into distrito(IdProvincia, IdCanton, IdDistrito, Descripcion) values (5,4,3,'MOGOTE');
insert into distrito(IdProvincia, IdCanton, IdDistrito, Descripcion) values (5,4,4,'RIO NARANJO');

insert into distrito(IdProvincia, IdCanton, IdDistrito, Descripcion) values (5,5,1,'FILADELFIA');
insert into distrito(IdProvincia, IdCanton, IdDistrito, Descripcion) values (5,5,2,'PALMIRA');
insert into distrito(IdProvincia, IdCanton, IdDistrito, Descripcion) values (5,5,3,'SARDINAL');
insert into distrito(IdProvincia, IdCanton, IdDistrito, Descripcion) values (5,5,4,'BELEN');

insert into distrito(IdProvincia, IdCanton, IdDistrito, Descripcion) values (5,6,1,'CA헤S');
insert into distrito(IdProvincia, IdCanton, IdDistrito, Descripcion) values (5,6,2,'PALMIRA');
insert into distrito(IdProvincia, IdCanton, IdDistrito, Descripcion) values (5,6,3,'SAN MIGUEL');
insert into distrito(IdProvincia, IdCanton, IdDistrito, Descripcion) values (5,6,4,'BEBEDERO');
insert into distrito(IdProvincia, IdCanton, IdDistrito, Descripcion) values (5,6,5,'POROZAL');

insert into distrito(IdProvincia, IdCanton, IdDistrito, Descripcion) values (5,7,1,'LAS JUNTAS');
insert into distrito(IdProvincia, IdCanton, IdDistrito, Descripcion) values (5,7,2,'SIERRA');
insert into distrito(IdProvincia, IdCanton, IdDistrito, Descripcion) values (5,7,3,'SAN JUAN');
insert into distrito(IdProvincia, IdCanton, IdDistrito, Descripcion) values (5,7,4,'COLORADO');

insert into distrito(IdProvincia, IdCanton, IdDistrito, Descripcion) values (5,8,1,'TILARAN');
insert into distrito(IdProvincia, IdCanton, IdDistrito, Descripcion) values (5,8,2,'QUEBRADA GRANDE');
insert into distrito(IdProvincia, IdCanton, IdDistrito, Descripcion) values (5,8,3,'TRONADORA');
insert into distrito(IdProvincia, IdCanton, IdDistrito, Descripcion) values (5,8,4,'SANTA ROSA');
insert into distrito(IdProvincia, IdCanton, IdDistrito, Descripcion) values (5,8,5,'LIBANO');
insert into distrito(IdProvincia, IdCanton, IdDistrito, Descripcion) values (5,8,6,'TIERRAS MORENAS');
insert into distrito(IdProvincia, IdCanton, IdDistrito, Descripcion) values (5,8,7,'ARENAL');

insert into distrito(IdProvincia, IdCanton, IdDistrito, Descripcion) values (5,9,1,'CARMONA');
insert into distrito(IdProvincia, IdCanton, IdDistrito, Descripcion) values (5,9,2,'SANTA RITA');
insert into distrito(IdProvincia, IdCanton, IdDistrito, Descripcion) values (5,9,3,'ZAPOTAL');
insert into distrito(IdProvincia, IdCanton, IdDistrito, Descripcion) values (5,9,4,'SAN PABLO');
insert into distrito(IdProvincia, IdCanton, IdDistrito, Descripcion) values (5,9,5,'PORVENIR');
insert into distrito(IdProvincia, IdCanton, IdDistrito, Descripcion) values (5,9,6,'BEJUCO');

insert into distrito(IdProvincia, IdCanton, IdDistrito, Descripcion) values (5,10,1,'LA CRUZ');
insert into distrito(IdProvincia, IdCanton, IdDistrito, Descripcion) values (5,10,2,'SANTA CECILIA');
insert into distrito(IdProvincia, IdCanton, IdDistrito, Descripcion) values (5,10,3,'LA GARITA');
insert into distrito(IdProvincia, IdCanton, IdDistrito, Descripcion) values (5,10,4,'SANTA ELENA');

insert into distrito(IdProvincia, IdCanton, IdDistrito, Descripcion) values (5,11,1,'HOJANCHA');
insert into distrito(IdProvincia, IdCanton, IdDistrito, Descripcion) values (5,11,2,'MONTE ROMO');
insert into distrito(IdProvincia, IdCanton, IdDistrito, Descripcion) values (5,11,3,'PUERTO CARRILLO');
insert into distrito(IdProvincia, IdCanton, IdDistrito, Descripcion) values (5,11,4,'HUACAS');
insert into distrito(IdProvincia, IdCanton, IdDistrito, Descripcion) values (5,11,5,'MATAMBU');

-- Puntarenas
insert into distrito(IdProvincia, IdCanton, IdDistrito, Descripcion) values (6,1,1,'PUNTARENAS');
insert into distrito(IdProvincia, IdCanton, IdDistrito, Descripcion) values (6,1,2,'PITAHAYA');
insert into distrito(IdProvincia, IdCanton, IdDistrito, Descripcion) values (6,1,3,'CHOMES');
insert into distrito(IdProvincia, IdCanton, IdDistrito, Descripcion) values (6,1,4,'LEPANTO');
insert into distrito(IdProvincia, IdCanton, IdDistrito, Descripcion) values (6,1,5,'PAQUERA');
insert into distrito(IdProvincia, IdCanton, IdDistrito, Descripcion) values (6,1,6,'MANZANILLO');
insert into distrito(IdProvincia, IdCanton, IdDistrito, Descripcion) values (6,1,7,'GUACIMAL');
insert into distrito(IdProvincia, IdCanton, IdDistrito, Descripcion) values (6,1,8,'BARRANCA');
insert into distrito(IdProvincia, IdCanton, IdDistrito, Descripcion) values (6,1,9,'MONTEVERDE');
insert into distrito(IdProvincia, IdCanton, IdDistrito, Descripcion) values (6,1,10,'ISLA DEL COCO');
insert into distrito(IdProvincia, IdCanton, IdDistrito, Descripcion) values (6,1,11,'COBANO');
insert into distrito(IdProvincia, IdCanton, IdDistrito, Descripcion) values (6,1,12,'CHACARITA');
insert into distrito(IdProvincia, IdCanton, IdDistrito, Descripcion) values (6,1,13,'CHIRA');
insert into distrito(IdProvincia, IdCanton, IdDistrito, Descripcion) values (6,1,14,'ACAPULCO');
insert into distrito(IdProvincia, IdCanton, IdDistrito, Descripcion) values (6,1,15,'EL ROBLE');
insert into distrito(IdProvincia, IdCanton, IdDistrito, Descripcion) values (6,1,16,'ARANCIBIA');

insert into distrito(IdProvincia, IdCanton, IdDistrito, Descripcion) values (6,2,1,'ESPIRITU SANTO');
insert into distrito(IdProvincia, IdCanton, IdDistrito, Descripcion) values (6,2,2,'SAN JUAN GRANDE');
insert into distrito(IdProvincia, IdCanton, IdDistrito, Descripcion) values (6,2,3,'MACACONA');
insert into distrito(IdProvincia, IdCanton, IdDistrito, Descripcion) values (6,2,4,'SAN RAFAEL');
insert into distrito(IdProvincia, IdCanton, IdDistrito, Descripcion) values (6,2,5,'SAN JERONIMO');
insert into distrito(IdProvincia, IdCanton, IdDistrito, Descripcion) values (6,2,6,'CALDERA');

insert into distrito(IdProvincia, IdCanton, IdDistrito, Descripcion) values (6,3,1,'BUENOS AIRES');
insert into distrito(IdProvincia, IdCanton, IdDistrito, Descripcion) values (6,3,2,'VOLCAN');
insert into distrito(IdProvincia, IdCanton, IdDistrito, Descripcion) values (6,3,3,'POTRERO GRANDE');
insert into distrito(IdProvincia, IdCanton, IdDistrito, Descripcion) values (6,3,4,'BORUCA');
insert into distrito(IdProvincia, IdCanton, IdDistrito, Descripcion) values (6,3,5,'PILAS');
insert into distrito(IdProvincia, IdCanton, IdDistrito, Descripcion) values (6,3,6,'COLINAS');
insert into distrito(IdProvincia, IdCanton, IdDistrito, Descripcion) values (6,3,7,'CHANGUENA');
insert into distrito(IdProvincia, IdCanton, IdDistrito, Descripcion) values (6,3,8,'BIOLLEY');
insert into distrito(IdProvincia, IdCanton, IdDistrito, Descripcion) values (6,3,9,'BRUNKA');

insert into distrito(IdProvincia, IdCanton, IdDistrito, Descripcion) values (6,4,1,'MIRAMAR');
insert into distrito(IdProvincia, IdCanton, IdDistrito, Descripcion) values (6,4,2,'LA UNION');
insert into distrito(IdProvincia, IdCanton, IdDistrito, Descripcion) values (6,4,3,'SAN ISIDRO');

insert into distrito(IdProvincia, IdCanton, IdDistrito, Descripcion) values (6,5,1,'CORTES');
insert into distrito(IdProvincia, IdCanton, IdDistrito, Descripcion) values (6,5,2,'PALMAR');
insert into distrito(IdProvincia, IdCanton, IdDistrito, Descripcion) values (6,5,3,'SIERPE');
insert into distrito(IdProvincia, IdCanton, IdDistrito, Descripcion) values (6,5,4,'BAHIA BALLENA');
insert into distrito(IdProvincia, IdCanton, IdDistrito, Descripcion) values (6,5,5,'PIEDRAS BLANCAS');
insert into distrito(IdProvincia, IdCanton, IdDistrito, Descripcion) values (6,5,6,'BAHIA DRAKE');

insert into distrito(IdProvincia, IdCanton, IdDistrito, Descripcion) values (6,6,1,'QUEPOS');
insert into distrito(IdProvincia, IdCanton, IdDistrito, Descripcion) values (6,6,2,'SAVEGRE');
insert into distrito(IdProvincia, IdCanton, IdDistrito, Descripcion) values (6,6,3,'NARANJITO');

insert into distrito(IdProvincia, IdCanton, IdDistrito, Descripcion) values (6,7,1,'GOLFITO');
insert into distrito(IdProvincia, IdCanton, IdDistrito, Descripcion) values (6,7,2,'PUERTO JIMENEZ');
insert into distrito(IdProvincia, IdCanton, IdDistrito, Descripcion) values (6,7,3,'GUAYCARA');
insert into distrito(IdProvincia, IdCanton, IdDistrito, Descripcion) values (6,7,4,'PAVON');

insert into distrito(IdProvincia, IdCanton, IdDistrito, Descripcion) values (6,8,1,'SAN VITO');
insert into distrito(IdProvincia, IdCanton, IdDistrito, Descripcion) values (6,8,2,'SABALITO');
insert into distrito(IdProvincia, IdCanton, IdDistrito, Descripcion) values (6,8,3,'AGUABUENA');
insert into distrito(IdProvincia, IdCanton, IdDistrito, Descripcion) values (6,8,4,'LIMONCITO');
insert into distrito(IdProvincia, IdCanton, IdDistrito, Descripcion) values (6,8,5,'PITTIER');
insert into distrito(IdProvincia, IdCanton, IdDistrito, Descripcion) values (6,8,6,'GUTIERREZ BROWN');

insert into distrito(IdProvincia, IdCanton, IdDistrito, Descripcion) values (6,9,1,'PARRITA');

insert into distrito(IdProvincia, IdCanton, IdDistrito, Descripcion) values (6,10,1,'CORREDOR');
insert into distrito(IdProvincia, IdCanton, IdDistrito, Descripcion) values (6,10,2,'LA CUESTA');
insert into distrito(IdProvincia, IdCanton, IdDistrito, Descripcion) values (6,10,3,'PASO CANOAS');
insert into distrito(IdProvincia, IdCanton, IdDistrito, Descripcion) values (6,10,4,'LAUREL');

insert into distrito(IdProvincia, IdCanton, IdDistrito, Descripcion) values (6,11,1,'JACO');
insert into distrito(IdProvincia, IdCanton, IdDistrito, Descripcion) values (6,11,2,'TARCOLES');

-- Limon
insert into distrito(IdProvincia, IdCanton, IdDistrito, Descripcion) values (7,1,1,'LIMON');
insert into distrito(IdProvincia, IdCanton, IdDistrito, Descripcion) values (7,1,2,'VALLE LA ESTRELLA');
insert into distrito(IdProvincia, IdCanton, IdDistrito, Descripcion) values (7,1,3,'RIO BLANCO');
insert into distrito(IdProvincia, IdCanton, IdDistrito, Descripcion) values (7,1,4,'MATAMA');

insert into distrito(IdProvincia, IdCanton, IdDistrito, Descripcion) values (7,2,1,'GUAPILES');
insert into distrito(IdProvincia, IdCanton, IdDistrito, Descripcion) values (7,2,2,'JIMENEZ');
insert into distrito(IdProvincia, IdCanton, IdDistrito, Descripcion) values (7,2,3,'RITA');
insert into distrito(IdProvincia, IdCanton, IdDistrito, Descripcion) values (7,2,4,'ROXANA');
insert into distrito(IdProvincia, IdCanton, IdDistrito, Descripcion) values (7,2,5,'CARIARI');
insert into distrito(IdProvincia, IdCanton, IdDistrito, Descripcion) values (7,2,6,'COLORADO');
insert into distrito(IdProvincia, IdCanton, IdDistrito, Descripcion) values (7,2,7,'LA COLONIA');

insert into distrito(IdProvincia, IdCanton, IdDistrito, Descripcion) values (7,3,1,'SIQUIRRES');
insert into distrito(IdProvincia, IdCanton, IdDistrito, Descripcion) values (7,3,2,'PACUARITO');
insert into distrito(IdProvincia, IdCanton, IdDistrito, Descripcion) values (7,3,3,'FLORIDA');
insert into distrito(IdProvincia, IdCanton, IdDistrito, Descripcion) values (7,3,4,'GERMANIA');
insert into distrito(IdProvincia, IdCanton, IdDistrito, Descripcion) values (7,3,5,'CAIRO');
insert into distrito(IdProvincia, IdCanton, IdDistrito, Descripcion) values (7,3,6,'ALEGRIA');

insert into distrito(IdProvincia, IdCanton, IdDistrito, Descripcion) values (7,4,1,'BRATSI');
insert into distrito(IdProvincia, IdCanton, IdDistrito, Descripcion) values (7,4,2,'SIXAOLA');
insert into distrito(IdProvincia, IdCanton, IdDistrito, Descripcion) values (7,4,3,'CAHUITA');
insert into distrito(IdProvincia, IdCanton, IdDistrito, Descripcion) values (7,4,4,'TELIRE');

insert into distrito(IdProvincia, IdCanton, IdDistrito, Descripcion) values (7,5,1,'MATINA');
insert into distrito(IdProvincia, IdCanton, IdDistrito, Descripcion) values (7,5,2,'BATAN');
insert into distrito(IdProvincia, IdCanton, IdDistrito, Descripcion) values (7,5,3,'CARRANDI');

insert into distrito(IdProvincia, IdCanton, IdDistrito, Descripcion) values (7,6,1,'GUACIMO');
insert into distrito(IdProvincia, IdCanton, IdDistrito, Descripcion) values (7,6,2,'MERCEDES');
insert into distrito(IdProvincia, IdCanton, IdDistrito, Descripcion) values (7,6,3,'POCORA');
insert into distrito(IdProvincia, IdCanton, IdDistrito, Descripcion) values (7,6,4,'RIO JIMENEZ');
insert into distrito(IdProvincia, IdCanton, IdDistrito, Descripcion) values (7,6,5,'DUACARI');


-- PERSONAS: 40
-- 10 jur顔icas
INSERT INTO Persona (Cedula, TipoP) VALUES ('1000715298', 'J');
INSERT INTO Persona (Cedula, TipoP) VALUES ('0850058785', 'J');
INSERT INTO Persona (Cedula, TipoP) VALUES ('4077591685', 'J');
INSERT INTO Persona (Cedula, TipoP) VALUES ('7677612795', 'J');
INSERT INTO Persona (Cedula, TipoP) VALUES ('4104814001', 'J');
INSERT INTO Persona (Cedula, TipoP) VALUES ('1777871031', 'J');
INSERT INTO Persona (Cedula, TipoP) VALUES ('2200784864', 'J');
INSERT INTO Persona (Cedula, TipoP) VALUES ('6769475370', 'J');
INSERT INTO Persona (Cedula, TipoP) VALUES ('2607626583', 'J');
INSERT INTO Persona (Cedula, TipoP) VALUES ('9914101540', 'J');
-- 30 f押icas
INSERT INTO Persona (Cedula, TipoP) VALUES ('7151944124', 'F');
INSERT INTO Persona (Cedula, TipoP) VALUES ('8652091730', 'F');
INSERT INTO Persona (Cedula, TipoP) VALUES ('7666106828', 'F');
INSERT INTO Persona (Cedula, TipoP) VALUES ('7821711937', 'F');
INSERT INTO Persona (Cedula, TipoP) VALUES ('8572548065', 'F');
INSERT INTO Persona (Cedula, TipoP) VALUES ('2277441121', 'F');
INSERT INTO Persona (Cedula, TipoP) VALUES ('3599958456', 'F');
INSERT INTO Persona (Cedula, TipoP) VALUES ('6555791824', 'F');
INSERT INTO Persona (Cedula, TipoP) VALUES ('5984812230', 'F');
INSERT INTO Persona (Cedula, TipoP) VALUES ('0946330861', 'F');
INSERT INTO Persona (Cedula, TipoP) VALUES ('2176175826', 'F');
INSERT INTO Persona (Cedula, TipoP) VALUES ('5149791839', 'F');
INSERT INTO Persona (Cedula, TipoP) VALUES ('9441467565', 'F');
INSERT INTO Persona (Cedula, TipoP) VALUES ('0171759163', 'F');
INSERT INTO Persona (Cedula, TipoP) VALUES ('0450614084', 'F');
INSERT INTO Persona (Cedula, TipoP) VALUES ('5483517283', 'F');
INSERT INTO Persona (Cedula, TipoP) VALUES ('2064587693', 'F');
INSERT INTO Persona (Cedula, TipoP) VALUES ('9426176636', 'F');
INSERT INTO Persona (Cedula, TipoP) VALUES ('1306694640', 'F');
INSERT INTO Persona (Cedula, TipoP) VALUES ('5825426356', 'F');
INSERT INTO Persona (Cedula, TipoP) VALUES ('3684272745', 'F');
INSERT INTO Persona (Cedula, TipoP) VALUES ('0338446563', 'F');
INSERT INTO Persona (Cedula, TipoP) VALUES ('5511981551', 'F');
INSERT INTO Persona (Cedula, TipoP) VALUES ('5657299013', 'F');
INSERT INTO Persona (Cedula, TipoP) VALUES ('3257481726', 'F');
INSERT INTO Persona (Cedula, TipoP) VALUES ('1748482408', 'F');
INSERT INTO Persona (Cedula, TipoP) VALUES ('7504861461', 'F');
INSERT INTO Persona (Cedula, TipoP) VALUES ('0745030611', 'F');
INSERT INTO Persona (Cedula, TipoP) VALUES ('3653868265', 'F');
INSERT INTO Persona (Cedula, TipoP) VALUES ('0556742382', 'F');


-- DIRECIONESPERSONA
INSERT INTO DireccionesPersona(Cedula,Tipo,IdDistrito,IdCanton,IdProvincia,Detalle) VALUES('1000715298','Trabajo',3,5,1,'NULL');
INSERT INTO DireccionesPersona(Cedula,Tipo,IdDistrito,IdCanton,IdProvincia,Detalle) VALUES('0850058785','Hogar',7,3,1,'NULL');
INSERT INTO DireccionesPersona(Cedula,Tipo,IdDistrito,IdCanton,IdProvincia,Detalle) VALUES('4077591685','Trabajo',2,2,1,'NULL');
INSERT INTO DireccionesPersona(Cedula,Tipo,IdDistrito,IdCanton,IdProvincia,Detalle) VALUES('7677612795','Trabajo',1,2,3,'NULL');
INSERT INTO DireccionesPersona(Cedula,Tipo,IdDistrito,IdCanton,IdProvincia,Detalle) VALUES('4104814001','Otro',1,4,7,'NULL');
INSERT INTO DireccionesPersona(Cedula,Tipo,IdDistrito,IdCanton,IdProvincia,Detalle) VALUES('1777871031','Trabajo',4,6,4,'NULL');
INSERT INTO DireccionesPersona(Cedula,Tipo,IdDistrito,IdCanton,IdProvincia,Detalle) VALUES('2200784864','Otro',1,6,1,'NULL');
INSERT INTO DireccionesPersona(Cedula,Tipo,IdDistrito,IdCanton,IdProvincia,Detalle) VALUES('6769475370','Otro',1,10,1,'NULL');
INSERT INTO DireccionesPersona(Cedula,Tipo,IdDistrito,IdCanton,IdProvincia,Detalle) VALUES('2607626583','Otro',2,9,1,'NULL');
INSERT INTO DireccionesPersona(Cedula,Tipo,IdDistrito,IdCanton,IdProvincia,Detalle) VALUES('9914101540','Hogar',3,6,1,'NULL');
INSERT INTO DireccionesPersona(Cedula,Tipo,IdDistrito,IdCanton,IdProvincia,Detalle) VALUES('7151944124','Trabajo',1,6,1,'NULL');
INSERT INTO DireccionesPersona(Cedula,Tipo,IdDistrito,IdCanton,IdProvincia,Detalle) VALUES('8652091730','Otro',3,7,1,'NULL');
INSERT INTO DireccionesPersona(Cedula,Tipo,IdDistrito,IdCanton,IdProvincia,Detalle) VALUES('7666106828','Trabajo',3,5,7,'NULL');
INSERT INTO DireccionesPersona(Cedula,Tipo,IdDistrito,IdCanton,IdProvincia,Detalle) VALUES('7821711937','Trabajo',6,9,1,'NULL');
INSERT INTO DireccionesPersona(Cedula,Tipo,IdDistrito,IdCanton,IdProvincia,Detalle) VALUES('8572548065','Trabajo',1,10,6,'NULL');
INSERT INTO DireccionesPersona(Cedula,Tipo,IdDistrito,IdCanton,IdProvincia,Detalle) VALUES('2277441121','Otro',4,4,2,'NULL');
INSERT INTO DireccionesPersona(Cedula,Tipo,IdDistrito,IdCanton,IdProvincia,Detalle) VALUES('3599958456','Otro',2,3,1,'NULL');
INSERT INTO DireccionesPersona(Cedula,Tipo,IdDistrito,IdCanton,IdProvincia,Detalle) VALUES('6555791824','Otro',2,2,5,'NULL');
INSERT INTO DireccionesPersona(Cedula,Tipo,IdDistrito,IdCanton,IdProvincia,Detalle) VALUES('5984812230','Trabajo',6,6,1,'NULL');
INSERT INTO DireccionesPersona(Cedula,Tipo,IdDistrito,IdCanton,IdProvincia,Detalle) VALUES('0946330861','Otro',3,5,1,'NULL');
INSERT INTO DireccionesPersona(Cedula,Tipo,IdDistrito,IdCanton,IdProvincia,Detalle) VALUES('2176175826','Hogar',1,2,1,'NULL');
INSERT INTO DireccionesPersona(Cedula,Tipo,IdDistrito,IdCanton,IdProvincia,Detalle) VALUES('5149791839','Trabajo',5,2,2,'NULL');
INSERT INTO DireccionesPersona(Cedula,Tipo,IdDistrito,IdCanton,IdProvincia,Detalle) VALUES('9441467565','Trabajo',8,1,6,'NULL');
INSERT INTO DireccionesPersona(Cedula,Tipo,IdDistrito,IdCanton,IdProvincia,Detalle) VALUES('0171759163','Otro',1,3,3,'NULL');
INSERT INTO DireccionesPersona(Cedula,Tipo,IdDistrito,IdCanton,IdProvincia,Detalle) VALUES('0450614084','Trabajo',1,2,1,'NULL');
INSERT INTO DireccionesPersona(Cedula,Tipo,IdDistrito,IdCanton,IdProvincia,Detalle) VALUES('5483517283','Trabajo',1,5,6,'NULL');
INSERT INTO DireccionesPersona(Cedula,Tipo,IdDistrito,IdCanton,IdProvincia,Detalle) VALUES('2064587693','Hogar',6,7,1,'NULL');
INSERT INTO DireccionesPersona(Cedula,Tipo,IdDistrito,IdCanton,IdProvincia,Detalle) VALUES('9426176636','Hogar',1,8,4,'NULL');
INSERT INTO DireccionesPersona(Cedula,Tipo,IdDistrito,IdCanton,IdProvincia,Detalle) VALUES('1306694640','Hogar',1,2,1,'NULL');
INSERT INTO DireccionesPersona(Cedula,Tipo,IdDistrito,IdCanton,IdProvincia,Detalle) VALUES('5825426356','Hogar',1,1,7,'NULL');
INSERT INTO DireccionesPersona(Cedula,Tipo,IdDistrito,IdCanton,IdProvincia,Detalle) VALUES('3684272745','Trabajo',3,2,1,'NULL');
INSERT INTO DireccionesPersona(Cedula,Tipo,IdDistrito,IdCanton,IdProvincia,Detalle) VALUES('0338446563','Trabajo',2,6,4,'NULL');
INSERT INTO DireccionesPersona(Cedula,Tipo,IdDistrito,IdCanton,IdProvincia,Detalle) VALUES('5511981551','Trabajo',2,4,1,'NULL');
INSERT INTO DireccionesPersona(Cedula,Tipo,IdDistrito,IdCanton,IdProvincia,Detalle) VALUES('5657299013','Trabajo',4,7,2,'NULL');
INSERT INTO DireccionesPersona(Cedula,Tipo,IdDistrito,IdCanton,IdProvincia,Detalle) VALUES('3257481726','Trabajo',1,9,6,'NULL');
INSERT INTO DireccionesPersona(Cedula,Tipo,IdDistrito,IdCanton,IdProvincia,Detalle) VALUES('7504861461','Otro',6,2,6,'NULL');
INSERT INTO DireccionesPersona(Cedula,Tipo,IdDistrito,IdCanton,IdProvincia,Detalle) VALUES('0745030611','Trabajo',4,10,2,'NULL');
INSERT INTO DireccionesPersona(Cedula,Tipo,IdDistrito,IdCanton,IdProvincia,Detalle) VALUES('3653868265','Otro',3,1,6,'NULL');
INSERT INTO DireccionesPersona(Cedula,Tipo,IdDistrito,IdCanton,IdProvincia,Detalle) VALUES('0556742382','Otro',1,9,4,'NULL');


-- PERSONAS JUR펛ICAS: 10
INSERT INTO PersonaJuridica(CodPerJuridica,Nombre,FechaApertura) VALUES('1000715298','Platos SA','2009-02-20');
INSERT INTO PersonaJuridica(CodPerJuridica,Nombre,FechaApertura) VALUES('0850058785','Carnes SA','2002-05-13');
INSERT INTO PersonaJuridica(CodPerJuridica,Nombre,FechaApertura) VALUES('4077591685','Frutas SA','2002-12-04');
INSERT INTO PersonaJuridica(CodPerJuridica,Nombre,FechaApertura) VALUES('7677612795','Vegetales SA','2010-10-17');
INSERT INTO PersonaJuridica(CodPerJuridica,Nombre,FechaApertura) VALUES('4104814001','Limpieza SA','2002-05-03');
INSERT INTO PersonaJuridica(CodPerJuridica,Nombre,FechaApertura) VALUES('1777871031','ICE','2006-10-22');
INSERT INTO PersonaJuridica(CodPerJuridica,Nombre,FechaApertura) VALUES('2200784864','Fuerza y Luz','2006-10-13');
INSERT INTO PersonaJuridica(CodPerJuridica,Nombre,FechaApertura) VALUES('6769475370','Cubiertos SA','2007-08-18');
INSERT INTO PersonaJuridica(CodPerJuridica,Nombre,FechaApertura) VALUES('2607626583','Pescados SA','2014-02-03');
INSERT INTO PersonaJuridica(CodPerJuridica,Nombre,FechaApertura) VALUES('9914101540','Pipasa SA','2004-05-09');


-- PERSONAS F펩ICAS: 30
INSERT INTO PersonaFisica(CodPerFisica,Nombre1,Nombre2,Apellido1,Apellido2,Sexo,EstadoCivil,FechaNacimiento) VALUES('3684272745','Sara','Quyn','Emerson','Puckett','M','Divorciado','1974-09-04');
INSERT INTO PersonaFisica(CodPerFisica,Nombre1,Nombre2,Apellido1,Apellido2,Sexo,EstadoCivil,FechaNacimiento) VALUES('0338446563','Shellie','Irma','Alston','Farrell','M','Casado','1971-01-19');
-- 1 superadmin
INSERT INTO PersonaFisica(CodPerFisica,Nombre1,Nombre2,Apellido1,Apellido2,Sexo,EstadoCivil,FechaNacimiento) VALUES('5511981551','Vaughan','Clayton','Paul','Cox','M','Divorciado','2000-03-10');
-- 7 gerentes                                                                                          
INSERT INTO PersonaFisica(CodPerFisica,Nombre1,Nombre2,Apellido1,Apellido2,Sexo,EstadoCivil,FechaNacimiento) VALUES('7504861461','Daryl','Rhona','Cleveland','Mcconnell','M','Casado','1977-06-02');
INSERT INTO PersonaFisica(CodPerFisica,Nombre1,Nombre2,Apellido1,Apellido2,Sexo,EstadoCivil,FechaNacimiento) VALUES('0745030611','Melodie','Nissim','Smith','Cochran','M','Divorciado','1968-12-01');
INSERT INTO PersonaFisica(CodPerFisica,Nombre1,Nombre2,Apellido1,Apellido2,Sexo,EstadoCivil,FechaNacimiento) VALUES('3653868265','Nicole','Ciaran','Rodriguez','Puckett','M','Soltero','1973-01-17');
INSERT INTO PersonaFisica(CodPerFisica,Nombre1,Nombre2,Apellido1,Apellido2,Sexo,EstadoCivil,FechaNacimiento) VALUES('0556742382','Daquan','Uriah','Lindsay','Mcdonald','M','Soltero','2005-07-22');
INSERT INTO PersonaFisica(CodPerFisica,Nombre1,Nombre2,Apellido1,Apellido2,Sexo,EstadoCivil,FechaNacimiento) VALUES('5657299013','Chase','Cassidy','Rich','Zimmerman','F','Soltero','1985-12-18');
INSERT INTO PersonaFisica(CodPerFisica,Nombre1,Nombre2,Apellido1,Apellido2,Sexo,EstadoCivil,FechaNacimiento) VALUES('3257481726','Leroy','Luke','Hansen','Whitney','M','Casado','2009-04-09');
INSERT INTO PersonaFisica(CodPerFisica,Nombre1,Nombre2,Apellido1,Apellido2,Sexo,EstadoCivil,FechaNacimiento) VALUES('1748482408','Kathleen','Nadine','Avila','Vaughan','F','Casado','2001-03-22');
-- 10 empleados
INSERT INTO PersonaFisica(CodPerFisica,Nombre1,Nombre2,Apellido1,Apellido2,Sexo,EstadoCivil,FechaNacimiento) VALUES('7151944124','Cally','Dai','Sutton','Buckley','F','Divorciado','2001-11-05');
INSERT INTO PersonaFisica(CodPerFisica,Nombre1,Nombre2,Apellido1,Apellido2,Sexo,EstadoCivil,FechaNacimiento) VALUES('8652091730','Octavius','Nehru','Reilly','Carlson','M','Casado','1982-02-27');
INSERT INTO PersonaFisica(CodPerFisica,Nombre1,Nombre2,Apellido1,Apellido2,Sexo,EstadoCivil,FechaNacimiento) VALUES('7666106828','Macaulay','Iona','Jefferson','Gibbs','M','Soltero','2013-01-29');
INSERT INTO PersonaFisica(CodPerFisica,Nombre1,Nombre2,Apellido1,Apellido2,Sexo,EstadoCivil,FechaNacimiento) VALUES('7821711937','Riley','Marvin','Roberson','Snow','M','Casado','1990-06-11');
INSERT INTO PersonaFisica(CodPerFisica,Nombre1,Nombre2,Apellido1,Apellido2,Sexo,EstadoCivil,FechaNacimiento) VALUES('8572548065','Jakeem','Jasmine','Torres','Guy','M','Divorciado','1967-08-15');
INSERT INTO PersonaFisica(CodPerFisica,Nombre1,Nombre2,Apellido1,Apellido2,Sexo,EstadoCivil,FechaNacimiento) VALUES('2277441121','Teegan','Coby','Baird','Wong','F','Casado','1994-09-07');
INSERT INTO PersonaFisica(CodPerFisica,Nombre1,Nombre2,Apellido1,Apellido2,Sexo,EstadoCivil,FechaNacimiento) VALUES('3599958456','Colette','Forrest','Hayes','Newman','M','Soltero','1976-04-06');
INSERT INTO PersonaFisica(CodPerFisica,Nombre1,Nombre2,Apellido1,Apellido2,Sexo,EstadoCivil,FechaNacimiento) VALUES('6555791824','Kerry','Maggy','Schneider','Grimes','F','Soltero','2013-02-16');
INSERT INTO PersonaFisica(CodPerFisica,Nombre1,Nombre2,Apellido1,Apellido2,Sexo,EstadoCivil,FechaNacimiento) VALUES('5984812230','Fletcher','Barry','Roberts','James','F','Casado','2007-12-16');
INSERT INTO PersonaFisica(CodPerFisica,Nombre1,Nombre2,Apellido1,Apellido2,Sexo,EstadoCivil,FechaNacimiento) VALUES('0946330861','Mechelle','Willow','Mckay','Villarreal','F','Soltero','1969-09-09');
-- 10 clientes
INSERT INTO PersonaFisica(CodPerFisica,Nombre1,Nombre2,Apellido1,Apellido2,Sexo,EstadoCivil,FechaNacimiento) VALUES('2176175826','Hiroko','Maryam','Rodriquez','Mayo','F','Divorciado','2016-09-09');
INSERT INTO PersonaFisica(CodPerFisica,Nombre1,Nombre2,Apellido1,Apellido2,Sexo,EstadoCivil,FechaNacimiento) VALUES('5149791839','Ross','Maya','Tyson','Talley','M','Soltero','2013-10-13');
INSERT INTO PersonaFisica(CodPerFisica,Nombre1,Nombre2,Apellido1,Apellido2,Sexo,EstadoCivil,FechaNacimiento) VALUES('9441467565','Libby','Mona','Parks','Jacobs','M','Soltero','2005-09-23');
INSERT INTO PersonaFisica(CodPerFisica,Nombre1,Nombre2,Apellido1,Apellido2,Sexo,EstadoCivil,FechaNacimiento) VALUES('0171759163','Sybill','Lars','Fischer','Robbins','M','Divorciado','1971-08-23');
INSERT INTO PersonaFisica(CodPerFisica,Nombre1,Nombre2,Apellido1,Apellido2,Sexo,EstadoCivil,FechaNacimiento) VALUES('0450614084','Bree','Mollie','Hoffman','Kennedy','F','Divorciado','1979-03-20');
INSERT INTO PersonaFisica(CodPerFisica,Nombre1,Nombre2,Apellido1,Apellido2,Sexo,EstadoCivil,FechaNacimiento) VALUES('5483517283','Riley','Zelenia','Mcconnell','Simon','F','Divorciado','1985-04-14');
INSERT INTO PersonaFisica(CodPerFisica,Nombre1,Nombre2,Apellido1,Apellido2,Sexo,EstadoCivil,FechaNacimiento) VALUES('2064587693','Griffin','Nissim','Salazar','Hines','F','Casado','1999-05-08');
INSERT INTO PersonaFisica(CodPerFisica,Nombre1,Nombre2,Apellido1,Apellido2,Sexo,EstadoCivil,FechaNacimiento) VALUES('9426176636','Germane','Jackson','Hull','Delgado','F','Soltero','1967-09-30');
INSERT INTO PersonaFisica(CodPerFisica,Nombre1,Nombre2,Apellido1,Apellido2,Sexo,EstadoCivil,FechaNacimiento) VALUES('1306694640','Brenna','Brooke','Franks','Daniel','M','Divorciado','2010-02-28');
INSERT INTO PersonaFisica(CodPerFisica,Nombre1,Nombre2,Apellido1,Apellido2,Sexo,EstadoCivil,FechaNacimiento) VALUES('5825426356','Vera','Rebecca','Hines','Weeks','F','Divorciado','1999-01-03');


-- SUCURSALES: 7
-- Se insertar烱 los gerentes despu乶 de insertar empleados
INSERT INTO Sucursal(IdSucursal,FechaApertura,IdProvincia,IdCanton,IdDistrito,IdGerente,FechaInicio,Detalle) VALUES(1,'2017-03-24',5,8,3,NULL,NULL,'Suc Tronadora Guanac');
INSERT INTO Sucursal(IdSucursal,FechaApertura,IdProvincia,IdCanton,IdDistrito,IdGerente,FechaInicio,Detalle) VALUES(2,'2013-03-21',3,8,4,NULL,NULL,'En Patio De Agua del Guarco');
INSERT INTO Sucursal(IdSucursal,FechaApertura,IdProvincia,IdCanton,IdDistrito,IdGerente,FechaInicio,Detalle) VALUES(3,'2013-08-27',1,14,1,NULL,NULL,'Central San Vicente Moravia');
INSERT INTO Sucursal(IdSucursal,FechaApertura,IdProvincia,IdCanton,IdDistrito,IdGerente,FechaInicio,Detalle) VALUES(4,'2013-08-23',1,10,3,NULL,NULL,'San Antonio de Alajuelita');
INSERT INTO Sucursal(IdSucursal,FechaApertura,IdProvincia,IdCanton,IdDistrito,IdGerente,FechaInicio,Detalle) VALUES(5,'2014-08-27',5,6,4,NULL,NULL,'Bebedero, Ca人s, GUA');
INSERT INTO Sucursal(IdSucursal,FechaApertura,IdProvincia,IdCanton,IdDistrito,IdGerente,FechaInicio,Detalle) VALUES(6,'2013-07-31',2,1,3,NULL,NULL,'Sucursal Carrizal (Alajuela)');
INSERT INTO Sucursal(IdSucursal,FechaApertura,IdProvincia,IdCanton,IdDistrito,IdGerente,FechaInicio,Detalle) VALUES(7,'2012-11-20',5,2,6,NULL,NULL,'Sucursal Nosara, Guanacaste');


-- EMPLEADOS: 18 (10 comunes, 7 gerentes, 1 superadmin)
INSERT INTO Empleado(Cedula,TipoE,Salario,IdSucursal,FechaInicio) VALUES('7151944124','Cocinero',916321.68,2,'2017-12-26');
INSERT INTO Empleado(Cedula,TipoE,Salario,IdSucursal,FechaInicio) VALUES('8652091730','Mesero',797511.80,5,'2016-06-16');
INSERT INTO Empleado(Cedula,TipoE,Salario,IdSucursal,FechaInicio) VALUES('7666106828','Cajero',565656.66,7,'2017-07-14');
INSERT INTO Empleado(Cedula,TipoE,Salario,IdSucursal,FechaInicio) VALUES('7821711937','Mesero',609706.25,6,'2017-07-31');
INSERT INTO Empleado(Cedula,TipoE,Salario,IdSucursal,FechaInicio) VALUES('8572548065','Cocinero',107928.80,1,'2017-06-15');
INSERT INTO Empleado(Cedula,TipoE,Salario,IdSucursal,FechaInicio) VALUES('2277441121','Mesero',503472.97,3,'2015-04-08');
INSERT INTO Empleado(Cedula,TipoE,Salario,IdSucursal,FechaInicio) VALUES('3599958456','Repartidor',820656.41,4,'2014-02-19');
INSERT INTO Empleado(Cedula,TipoE,Salario,IdSucursal,FechaInicio) VALUES('6555791824','Mesero',504377.81,2,'2017-01-07');
INSERT INTO Empleado(Cedula,TipoE,Salario,IdSucursal,FechaInicio) VALUES('5984812230','TI',529065.62,4,'2017-05-10');
INSERT INTO Empleado(Cedula,TipoE,Salario,IdSucursal,FechaInicio) VALUES('0946330861','Cocinero',634564.43,3,'2016-09-08');
								
INSERT INTO Empleado(Cedula,TipoE,Salario,IdSucursal,FechaInicio) VALUES('7504861461','Gerente',286014.36,1,'2016-12-14');
INSERT INTO Empleado(Cedula,TipoE,Salario,IdSucursal,FechaInicio) VALUES('0745030611','Gerente',890301.72,2,'2016-08-08');
INSERT INTO Empleado(Cedula,TipoE,Salario,IdSucursal,FechaInicio) VALUES('3653868265','Gerente',943315.22,3,'2014-06-16');
INSERT INTO Empleado(Cedula,TipoE,Salario,IdSucursal,FechaInicio) VALUES('0556742382','Gerente',306997.33,4,'2017-06-09');
INSERT INTO Empleado(Cedula,TipoE,Salario,IdSucursal,FechaInicio) VALUES('5657299013','Gerente',694562.84,5,'2018-02-25');
INSERT INTO Empleado(Cedula,TipoE,Salario,IdSucursal,FechaInicio) VALUES('3257481726','Gerente',332288.23,6,'2017-02-26');
INSERT INTO Empleado(Cedula,TipoE,Salario,IdSucursal,FechaInicio) VALUES('1748482408','Gerente',492505.35,7,'2017-01-26');

INSERT INTO Empleado(Cedula,TipoE,Salario,IdSucursal,FechaInicio) VALUES('5511981551','Administrador',492345.35,7,'2017-01-26');


-- SUCURSALES (gerentes)
UPDATE Sucursal SET IdGerente = '7504861461',FechaInicio = '2016-12-14' WHERE IdSucursal = 1;
UPDATE Sucursal SET IdGerente = '0745030611',FechaInicio = '2016-08-08' WHERE IdSucursal = 2;
UPDATE Sucursal SET IdGerente = '3653868265',FechaInicio = '2018-06-16' WHERE IdSucursal = 3;
UPDATE Sucursal SET IdGerente = '0556742382',FechaInicio = '2017-06-09' WHERE IdSucursal = 4;
UPDATE Sucursal SET IdGerente = '5657299013',FechaInicio = '2018-02-25' WHERE IdSucursal = 5;
UPDATE Sucursal SET IdGerente = '3257481726',FechaInicio = '2017-02-26' WHERE IdSucursal = 6;
UPDATE Sucursal SET IdGerente = '1748482408',FechaInicio = '2017-01-26' WHERE IdSucursal = 7;


-- TELEFONOS_SUCURSAL
INSERT INTO TelefonoSucursal(IdSucursal,Telefono) VALUES('1','569462125349285');
INSERT INTO TelefonoSucursal(IdSucursal,Telefono) VALUES('1','442808171488220');
INSERT INTO TelefonoSucursal(IdSucursal,Telefono) VALUES('2','312615420723922');
INSERT INTO TelefonoSucursal(IdSucursal,Telefono) VALUES('2','664596546240540');
INSERT INTO TelefonoSucursal(IdSucursal,Telefono) VALUES('3','461088748377672');
INSERT INTO TelefonoSucursal(IdSucursal,Telefono) VALUES('3','438826023383174');
INSERT INTO TelefonoSucursal(IdSucursal,Telefono) VALUES('4','903524063950847');
INSERT INTO TelefonoSucursal(IdSucursal,Telefono) VALUES('4','418711171402558');
INSERT INTO TelefonoSucursal(IdSucursal,Telefono) VALUES('5','446697049049285');
INSERT INTO TelefonoSucursal(IdSucursal,Telefono) VALUES('5','558415227099455');
INSERT INTO TelefonoSucursal(IdSucursal,Telefono) VALUES('6','185012093241901');
INSERT INTO TelefonoSucursal(IdSucursal,Telefono) VALUES('6','309719107668963');
INSERT INTO TelefonoSucursal(IdSucursal,Telefono) VALUES('7','603043019503793');
INSERT INTO TelefonoSucursal(IdSucursal,Telefono) VALUES('7','745836749654948');


-- USUARIOS
-- superadmin, admin123
insert into Usuario(nombre, contrasena, salt, IdEmpleado, IdTipoUsuario) values ('superadmin','FKnGfURFVmUGaAgZXrvzELZdw2temjyYdHMOeM93paU=','mXrseSUtDvGZQqvAhhYllw==','5511981551', 1)
-- gerente1, gr123 
insert into Usuario(nombre, contrasena, salt, IdEmpleado, IdTipoUsuario) values ('gerente1','0EeGci+Vcvrkv+4D0u4nWjlvP5k8AtSRH5A/biLUXgA=','X6+Fa7J7eHH8qY2TTQFMLA==','7504861461', 2)
-- cajero1, cj123
insert into Usuario(nombre, contrasena, salt, IdEmpleado, IdTipoUsuario) values ('cajero1','jPLVVxDzBp/Wp217yBQS7itdtGkrurnwfBwep1Kfz+E=','3J8GCBr8/IbxviLuWTcxfQ==','7666106828',3)
-- asistente1, as123
insert into Usuario(nombre, contrasena, salt, IdEmpleado, IdTipoUsuario) values ('asistente1','TZlgZr7O+wgdTwUM8n3nULSNV4WkAQfLb+LnyY2TSN8=','PgwKhGN6WMsQPQSpRjZbug==','5984812230',4)
-- mesero1, ms123
insert into Usuario(nombre, contrasena, salt, IdEmpleado, IdTipoUsuario) values ('mesero1','F19pgCTwJ1qmlmQ/rxX+dhas0EpYqGoTUPdYbthbxok=','8VS4ew/rg86eePRze8vfGA==','7821711937',5)
-- repartidor1, rep123
insert into Usuario(nombre, contrasena, salt, IdEmpleado, IdTipoUsuario) values ('repartidor1','/oDEIHF3Sjz/dcX/Gc5Q2v+j1f+c6kbYD4DNpxI7aio=','tVCBpmdFNA69hhJBzdU6Gg==','3599958456',6)


-- INGREDIENTE
insert into Ingrediente(IdIngrediente, nombre) values (1, 'arroz');
insert into Ingrediente(IdIngrediente, nombre) values (2, 'frijol');
insert into Ingrediente(IdIngrediente, nombre) values (3, 'res');
insert into Ingrediente(IdIngrediente, nombre) values (4, 'pescado');
insert into Ingrediente(IdIngrediente, nombre) values (5, 'pollo');
insert into Ingrediente(IdIngrediente, nombre) values (6, 'lechuga');


-- PLATO
insert into Plato(IdPlato, nombre, descripcion, precio) values (2, 'Casado de pescado', 'Suculento pescado empanizado, servido con arroz, frijoles y ensalada.', 3000);
insert into Plato(IdPlato, nombre, descripcion, precio) values (1, 'Casado de res', 'Es un casado con res que m硬 quiere trae ensalada y todo', 2500);
insert into Plato(IdPlato, nombre, descripcion, precio) values (3, 'Casado de pescado', 'El nombre lo dice todo que m硬 necesita',3500);


-- PLATO_INGREDIENTES
insert into Plato_Ingredientes(IdPlato, IdIngrediente, Cantidad) values (1, 1, 1);
insert into Plato_Ingredientes(IdPlato, IdIngrediente, Cantidad) values (1, 2, 1);
insert into Plato_Ingredientes(IdPlato, IdIngrediente, Cantidad) values (1, 4, 1);
insert into Plato_Ingredientes(IdPlato, IdIngrediente, Cantidad) values (1, 6, 1);

insert into Plato_Ingredientes(IdPlato, IdIngrediente, Cantidad) values (2, 1, 1);
insert into Plato_Ingredientes(IdPlato, IdIngrediente, Cantidad) values (2, 2, 1);
insert into Plato_Ingredientes(IdPlato, IdIngrediente, Cantidad) values (2, 3, 1);
insert into Plato_Ingredientes(IdPlato, IdIngrediente, Cantidad) values (2, 6, 1);

insert into Plato_Ingredientes(IdPlato, IdIngrediente, Cantidad) values (3, 1, 1);
insert into Plato_Ingredientes(IdPlato, IdIngrediente, Cantidad) values (3, 2, 1);
insert into Plato_Ingredientes(IdPlato, IdIngrediente, Cantidad) values (3, 5, 1);
insert into Plato_Ingredientes(IdPlato, IdIngrediente, Cantidad) values (3, 6, 1);


-- CLIENTES
INSERT INTO Cliente(Cedula,Frecuente) VALUES('2176175826','1');
INSERT INTO Cliente(Cedula,Frecuente) VALUES('5149791839','0');
INSERT INTO Cliente(Cedula,Frecuente) VALUES('9441467565','0');
INSERT INTO Cliente(Cedula,Frecuente) VALUES('0171759163','1');
INSERT INTO Cliente(Cedula,Frecuente) VALUES('0450614084','0');
INSERT INTO Cliente(Cedula,Frecuente) VALUES('5483517283','0');
INSERT INTO Cliente(Cedula,Frecuente) VALUES('2064587693','0');
INSERT INTO Cliente(Cedula,Frecuente) VALUES('9426176636','0');
INSERT INTO Cliente(Cedula,Frecuente) VALUES('1306694640','0');
INSERT INTO Cliente(Cedula,Frecuente) VALUES('5825426356','0');


-- FACTURA
INSERT INTO Factura(IdFactura,Fecha,Monto,CedulaCliente,TipoPago,Cancelada) VALUES(1,'2017-05-29',5000.00,'2176175826','Efectivo',0);
INSERT INTO Factura(IdFactura,Fecha,Monto,CedulaCliente,TipoPago,Cancelada) VALUES(2,'2016-08-27',5000.00,'2176175826','Cheque',0);
INSERT INTO Factura(IdFactura,Fecha,Monto,CedulaCliente,TipoPago,Cancelada) VALUES(3,'2016-12-06',6000.00,'2176175826','Tarjeta Credito',0);
INSERT INTO Factura(IdFactura,Fecha,Monto,CedulaCliente,TipoPago,Cancelada) VALUES(4,'2017-01-09',6500.00,'2176175826','Efectivo',0);
INSERT INTO Factura(IdFactura,Fecha,Monto,CedulaCliente,TipoPago,Cancelada) VALUES(5,'2017-02-23',5000.00,'2176175826','Tarjeta Debito',0);
INSERT INTO Factura(IdFactura,Fecha,Monto,CedulaCliente,TipoPago,Cancelada) VALUES(6,'2017-05-01',5000.00,'5149791839','Tarjeta Debito',0);
INSERT INTO Factura(IdFactura,Fecha,Monto,CedulaCliente,TipoPago,Cancelada) VALUES(7,'2016-06-22',5000.00,'5149791839','Efectivo',0);
INSERT INTO Factura(IdFactura,Fecha,Monto,CedulaCliente,TipoPago,Cancelada) VALUES(8,'2017-04-30',5000.00,'5149791839','Tarjeta Debito',0);
INSERT INTO Factura(IdFactura,Fecha,Monto,CedulaCliente,TipoPago,Cancelada) VALUES(9,'2016-10-12',5000.00,'5149791839','Tarjeta Credito',0);
INSERT INTO Factura(IdFactura,Fecha,Monto,CedulaCliente,TipoPago,Cancelada) VALUES(10,'2016-12-11',5000.00,'5149791839','Tarjeta Credito',0);
INSERT INTO Factura(IdFactura,Fecha,Monto,CedulaCliente,TipoPago,Cancelada) VALUES(11,'2017-01-23',5000.00,'9441467565','Cheque',0);
INSERT INTO Factura(IdFactura,Fecha,Monto,CedulaCliente,TipoPago,Cancelada) VALUES(12,'2017-02-09',5000.00,'9441467565','Efectivo',0);
INSERT INTO Factura(IdFactura,Fecha,Monto,CedulaCliente,TipoPago,Cancelada) VALUES(13,'2016-12-15',5000.00,'9441467565','Cheque',0);
INSERT INTO Factura(IdFactura,Fecha,Monto,CedulaCliente,TipoPago,Cancelada) VALUES(14,'2017-02-11',5000.00,'9441467565','Tarjeta Debito',0);
INSERT INTO Factura(IdFactura,Fecha,Monto,CedulaCliente,TipoPago,Cancelada) VALUES(15,'2016-07-11',5000.00,'9441467565','Cheque',0);													
INSERT INTO Factura(IdFactura,Fecha,Monto,CedulaCliente,TipoPago,Cancelada) VALUES(16,'2016-10-17',5000.00,'0171759163','Cheque',0);
INSERT INTO Factura(IdFactura,Fecha,Monto,CedulaCliente,TipoPago,Cancelada) VALUES(17,'2016-08-21',5000.00,'0171759163','Cheque',0);
INSERT INTO Factura(IdFactura,Fecha,Monto,CedulaCliente,TipoPago,Cancelada) VALUES(18,'2017-01-29',5000.00,'0171759163','Efectivo',0);
INSERT INTO Factura(IdFactura,Fecha,Monto,CedulaCliente,TipoPago,Cancelada) VALUES(19,'2017-01-31',5000.00,'0171759163','Efectivo',0);
INSERT INTO Factura(IdFactura,Fecha,Monto,CedulaCliente,TipoPago,Cancelada) VALUES(20,'2016-10-10',5000.00,'0171759163','Tarjeta Debito',0);									
INSERT INTO Factura(IdFactura,Fecha,Monto,CedulaCliente,TipoPago,Cancelada) VALUES(21,'2016-08-04',5000.00,'0450614084','Tarjeta Debito',0);
INSERT INTO Factura(IdFactura,Fecha,Monto,CedulaCliente,TipoPago,Cancelada) VALUES(22,'2016-10-01',5000.00,'0450614084','Efectivo',0);
INSERT INTO Factura(IdFactura,Fecha,Monto,CedulaCliente,TipoPago,Cancelada) VALUES(23,'2016-12-13',5000.00,'0450614084','Tarjeta Credito',0);
INSERT INTO Factura(IdFactura,Fecha,Monto,CedulaCliente,TipoPago,Cancelada) VALUES(24,'2017-05-23',5000.00,'0450614084','Cheque',0);
INSERT INTO Factura(IdFactura,Fecha,Monto,CedulaCliente,TipoPago,Cancelada) VALUES(25,'2017-01-24',5000.00,'0450614084','Efectivo',0);						
INSERT INTO Factura(IdFactura,Fecha,Monto,CedulaCliente,TipoPago,Cancelada) VALUES(26,'2016-12-23',5000.00,'5483517283','Tarjeta Debito',0);
INSERT INTO Factura(IdFactura,Fecha,Monto,CedulaCliente,TipoPago,Cancelada) VALUES(27,'2016-12-15',5000.00,'5483517283','Tarjeta Credito',0);
INSERT INTO Factura(IdFactura,Fecha,Monto,CedulaCliente,TipoPago,Cancelada) VALUES(28,'2016-11-26',5000.00,'5483517283','Tarjeta Credito',0);
INSERT INTO Factura(IdFactura,Fecha,Monto,CedulaCliente,TipoPago,Cancelada) VALUES(29,'2017-02-20',5000.00,'5483517283','Tarjeta Credito',0);
INSERT INTO Factura(IdFactura,Fecha,Monto,CedulaCliente,TipoPago,Cancelada) VALUES(30,'2017-03-11',5000.00,'5483517283','Efectivo',0);					
INSERT INTO Factura(IdFactura,Fecha,Monto,CedulaCliente,TipoPago,Cancelada) VALUES(31,'2017-05-20',5000.00,'2064587693','Cheque',0);
INSERT INTO Factura(IdFactura,Fecha,Monto,CedulaCliente,TipoPago,Cancelada) VALUES(32,'2017-01-21',5000.00,'2064587693','Tarjeta Credito',0);
INSERT INTO Factura(IdFactura,Fecha,Monto,CedulaCliente,TipoPago,Cancelada) VALUES(33,'2016-12-23',5000.00,'2064587693','Cheque',0);
INSERT INTO Factura(IdFactura,Fecha,Monto,CedulaCliente,TipoPago,Cancelada) VALUES(34,'2016-12-25',5000.00,'2064587693','Tarjeta Credito',0);
INSERT INTO Factura(IdFactura,Fecha,Monto,CedulaCliente,TipoPago,Cancelada) VALUES(35,'2016-09-20',5000.00,'2064587693','Tarjeta Credito',0);																				
INSERT INTO Factura(IdFactura,Fecha,Monto,CedulaCliente,TipoPago,Cancelada) VALUES(36,'2016-10-25',5000.00,'9426176636','Efectivo',0);
INSERT INTO Factura(IdFactura,Fecha,Monto,CedulaCliente,TipoPago,Cancelada) VALUES(37,'2017-01-24',5000.00,'9426176636','Cheque',0);
INSERT INTO Factura(IdFactura,Fecha,Monto,CedulaCliente,TipoPago,Cancelada) VALUES(38,'2016-07-08',5000.00,'9426176636','Cheque',0);
INSERT INTO Factura(IdFactura,Fecha,Monto,CedulaCliente,TipoPago,Cancelada) VALUES(39,'2016-08-18',5000.00,'9426176636','Tarjeta Debito',0);
INSERT INTO Factura(IdFactura,Fecha,Monto,CedulaCliente,TipoPago,Cancelada) VALUES(40,'2016-08-13',5000.00,'9426176636','Tarjeta Credito',0);																	
INSERT INTO Factura(IdFactura,Fecha,Monto,CedulaCliente,TipoPago,Cancelada) VALUES(41,'2016-10-21',5000.00,'1306694640','Efectivo',0);
INSERT INTO Factura(IdFactura,Fecha,Monto,CedulaCliente,TipoPago,Cancelada) VALUES(42,'2017-03-20',5000.00,'1306694640','Cheque',0);
INSERT INTO Factura(IdFactura,Fecha,Monto,CedulaCliente,TipoPago,Cancelada) VALUES(43,'2016-08-20',5000.00,'1306694640','Efectivo',0);
INSERT INTO Factura(IdFactura,Fecha,Monto,CedulaCliente,TipoPago,Cancelada) VALUES(44,'2017-02-10',5000.00,'1306694640','Efectivo',0);
INSERT INTO Factura(IdFactura,Fecha,Monto,CedulaCliente,TipoPago,Cancelada) VALUES(45,'2016-11-12',5000.00,'1306694640','Tarjeta Credito',0);																			
INSERT INTO Factura(IdFactura,Fecha,Monto,CedulaCliente,TipoPago,Cancelada) VALUES(46,'2017-01-23',5000.00,'5825426356','Tarjeta Credito',0);
INSERT INTO Factura(IdFactura,Fecha,Monto,CedulaCliente,TipoPago,Cancelada) VALUES(47,'2016-11-03',5000.00,'5825426356','Efectivo',0);
INSERT INTO Factura(IdFactura,Fecha,Monto,CedulaCliente,TipoPago,Cancelada) VALUES(48,'2017-05-10',5000.00,'5825426356','Efectivo',0);
INSERT INTO Factura(IdFactura,Fecha,Monto,CedulaCliente,TipoPago,Cancelada) VALUES(49,'2017-04-30',5000.00,'5825426356','Tarjeta Debito',0);
INSERT INTO Factura(IdFactura,Fecha,Monto,CedulaCliente,TipoPago,Cancelada) VALUES(50,'2017-02-14',5000.00,'5825426356','Cheque',0);


-- PLATOS_FACTURA
INSERT INTO Platos_Factura(IdFactura,IdPlato,Cantidad) VALUES('1','1','2');
INSERT INTO Platos_Factura(IdFactura,IdPlato,Cantidad) VALUES('2','1','2');
INSERT INTO Platos_Factura(IdFactura,IdPlato,Cantidad) VALUES('3','2','2');
INSERT INTO Platos_Factura(IdFactura,IdPlato,Cantidad) VALUES('4','2','2');
INSERT INTO Platos_Factura(IdFactura,IdPlato,Cantidad) VALUES('4','3','2');
INSERT INTO Platos_Factura(IdFactura,IdPlato,Cantidad) VALUES('5','1','2');
INSERT INTO Platos_Factura(IdFactura,IdPlato,Cantidad) VALUES('6','1','2');
INSERT INTO Platos_Factura(IdFactura,IdPlato,Cantidad) VALUES('7','1','2');
INSERT INTO Platos_Factura(IdFactura,IdPlato,Cantidad) VALUES('8','1','2');
INSERT INTO Platos_Factura(IdFactura,IdPlato,Cantidad) VALUES('9','1','2');
INSERT INTO Platos_Factura(IdFactura,IdPlato,Cantidad) VALUES('10','1','2');
INSERT INTO Platos_Factura(IdFactura,IdPlato,Cantidad) VALUES('11','1','2');
INSERT INTO Platos_Factura(IdFactura,IdPlato,Cantidad) VALUES('12','1','2');
INSERT INTO Platos_Factura(IdFactura,IdPlato,Cantidad) VALUES('13','1','2');
INSERT INTO Platos_Factura(IdFactura,IdPlato,Cantidad) VALUES('14','1','2');
INSERT INTO Platos_Factura(IdFactura,IdPlato,Cantidad) VALUES('15','1','2');
INSERT INTO Platos_Factura(IdFactura,IdPlato,Cantidad) VALUES('16','1','2');
INSERT INTO Platos_Factura(IdFactura,IdPlato,Cantidad) VALUES('17','1','2');
INSERT INTO Platos_Factura(IdFactura,IdPlato,Cantidad) VALUES('18','1','2');
INSERT INTO Platos_Factura(IdFactura,IdPlato,Cantidad) VALUES('19','1','2');
INSERT INTO Platos_Factura(IdFactura,IdPlato,Cantidad) VALUES('20','1','2');
INSERT INTO Platos_Factura(IdFactura,IdPlato,Cantidad) VALUES('21','1','2');
INSERT INTO Platos_Factura(IdFactura,IdPlato,Cantidad) VALUES('22','1','2');
INSERT INTO Platos_Factura(IdFactura,IdPlato,Cantidad) VALUES('23','1','2');
INSERT INTO Platos_Factura(IdFactura,IdPlato,Cantidad) VALUES('24','1','2');
INSERT INTO Platos_Factura(IdFactura,IdPlato,Cantidad) VALUES('25','1','2');
INSERT INTO Platos_Factura(IdFactura,IdPlato,Cantidad) VALUES('26','1','2');
INSERT INTO Platos_Factura(IdFactura,IdPlato,Cantidad) VALUES('27','1','2');
INSERT INTO Platos_Factura(IdFactura,IdPlato,Cantidad) VALUES('28','1','2');
INSERT INTO Platos_Factura(IdFactura,IdPlato,Cantidad) VALUES('29','1','2');
INSERT INTO Platos_Factura(IdFactura,IdPlato,Cantidad) VALUES('30','1','2');
INSERT INTO Platos_Factura(IdFactura,IdPlato,Cantidad) VALUES('31','1','2');
INSERT INTO Platos_Factura(IdFactura,IdPlato,Cantidad) VALUES('32','1','2');
INSERT INTO Platos_Factura(IdFactura,IdPlato,Cantidad) VALUES('33','1','2');
INSERT INTO Platos_Factura(IdFactura,IdPlato,Cantidad) VALUES('34','1','2');
INSERT INTO Platos_Factura(IdFactura,IdPlato,Cantidad) VALUES('35','1','2');
INSERT INTO Platos_Factura(IdFactura,IdPlato,Cantidad) VALUES('36','1','2');
INSERT INTO Platos_Factura(IdFactura,IdPlato,Cantidad) VALUES('37','1','2');
INSERT INTO Platos_Factura(IdFactura,IdPlato,Cantidad) VALUES('38','1','2');
INSERT INTO Platos_Factura(IdFactura,IdPlato,Cantidad) VALUES('39','1','2');
INSERT INTO Platos_Factura(IdFactura,IdPlato,Cantidad) VALUES('40','1','2');
INSERT INTO Platos_Factura(IdFactura,IdPlato,Cantidad) VALUES('41','1','2');
INSERT INTO Platos_Factura(IdFactura,IdPlato,Cantidad) VALUES('42','1','2');
INSERT INTO Platos_Factura(IdFactura,IdPlato,Cantidad) VALUES('43','1','2');
INSERT INTO Platos_Factura(IdFactura,IdPlato,Cantidad) VALUES('44','1','2');
INSERT INTO Platos_Factura(IdFactura,IdPlato,Cantidad) VALUES('45','1','2');
INSERT INTO Platos_Factura(IdFactura,IdPlato,Cantidad) VALUES('46','1','2');
INSERT INTO Platos_Factura(IdFactura,IdPlato,Cantidad) VALUES('47','1','2');
INSERT INTO Platos_Factura(IdFactura,IdPlato,Cantidad) VALUES('48','1','2');
INSERT INTO Platos_Factura(IdFactura,IdPlato,Cantidad) VALUES('49','1','2');
INSERT INTO Platos_Factura(IdFactura,IdPlato,Cantidad) VALUES('50','1','2');


-- MESA_FACTURA
INSERT INTO Mesa_Factura(IdFactura,NumeroMesa) VALUES(1,'4');
INSERT INTO Mesa_Factura(IdFactura,NumeroMesa) VALUES(2,'1');
INSERT INTO Mesa_Factura(IdFactura,NumeroMesa) VALUES(3,'4');
INSERT INTO Mesa_Factura(IdFactura,NumeroMesa) VALUES(4,'6');
INSERT INTO Mesa_Factura(IdFactura,NumeroMesa) VALUES(7,'1');
INSERT INTO Mesa_Factura(IdFactura,NumeroMesa) VALUES(8,'3');
INSERT INTO Mesa_Factura(IdFactura,NumeroMesa) VALUES(9,'1');
INSERT INTO Mesa_Factura(IdFactura,NumeroMesa) VALUES(10,'5');
INSERT INTO Mesa_Factura(IdFactura,NumeroMesa) VALUES(13,'2');
INSERT INTO Mesa_Factura(IdFactura,NumeroMesa) VALUES(14,'2');
INSERT INTO Mesa_Factura(IdFactura,NumeroMesa) VALUES(15,'5');
INSERT INTO Mesa_Factura(IdFactura,NumeroMesa) VALUES(16,'1');
INSERT INTO Mesa_Factura(IdFactura,NumeroMesa) VALUES(18,'4');
INSERT INTO Mesa_Factura(IdFactura,NumeroMesa) VALUES(20,'5');
INSERT INTO Mesa_Factura(IdFactura,NumeroMesa) VALUES(21,'3');
INSERT INTO Mesa_Factura(IdFactura,NumeroMesa) VALUES(22,'3');
INSERT INTO Mesa_Factura(IdFactura,NumeroMesa) VALUES(26,'6');
INSERT INTO Mesa_Factura(IdFactura,NumeroMesa) VALUES(27,'4');
INSERT INTO Mesa_Factura(IdFactura,NumeroMesa) VALUES(28,'2');
INSERT INTO Mesa_Factura(IdFactura,NumeroMesa) VALUES(29,'2');
INSERT INTO Mesa_Factura(IdFactura,NumeroMesa) VALUES(30,'5');
INSERT INTO Mesa_Factura(IdFactura,NumeroMesa) VALUES(31,'2');
INSERT INTO Mesa_Factura(IdFactura,NumeroMesa) VALUES(42,'2');
INSERT INTO Mesa_Factura(IdFactura,NumeroMesa) VALUES(43,'5');
INSERT INTO Mesa_Factura(IdFactura,NumeroMesa) VALUES(44,'6');
INSERT INTO Mesa_Factura(IdFactura,NumeroMesa) VALUES(45,'4');
INSERT INTO Mesa_Factura(IdFactura,NumeroMesa) VALUES(46,'5');
INSERT INTO Mesa_Factura(IdFactura,NumeroMesa) VALUES(47,'1');
INSERT INTO Mesa_Factura(IdFactura,NumeroMesa) VALUES(48,'4');
INSERT INTO Mesa_Factura(IdFactura,NumeroMesa) VALUES(49,'1');
INSERT INTO Mesa_Factura(IdFactura,NumeroMesa) VALUES(50,'6');


-- EMPLEADOS_FACTURA
INSERT INTO Empleados_Factura(IdFactura,CedulaEmpleado) VALUES('1','3599958456');
INSERT INTO Empleados_Factura(IdFactura,CedulaEmpleado) VALUES('1','8652091730');
INSERT INTO Empleados_Factura(IdFactura,CedulaEmpleado) VALUES('2','8652091730');
INSERT INTO Empleados_Factura(IdFactura,CedulaEmpleado) VALUES('2','3599958456');
INSERT INTO Empleados_Factura(IdFactura,CedulaEmpleado) VALUES('3','3599958456');
INSERT INTO Empleados_Factura(IdFactura,CedulaEmpleado) VALUES('3','7151944124');
INSERT INTO Empleados_Factura(IdFactura,CedulaEmpleado) VALUES('4','3599958456');
INSERT INTO Empleados_Factura(IdFactura,CedulaEmpleado) VALUES('4','7151944124');
INSERT INTO Empleados_Factura(IdFactura,CedulaEmpleado) VALUES('5','8652091730');
INSERT INTO Empleados_Factura(IdFactura,CedulaEmpleado) VALUES('5','3599958456');
INSERT INTO Empleados_Factura(IdFactura,CedulaEmpleado) VALUES('6','3599958456');
INSERT INTO Empleados_Factura(IdFactura,CedulaEmpleado) VALUES('6','7151944124');
INSERT INTO Empleados_Factura(IdFactura,CedulaEmpleado) VALUES('7','7151944124');
INSERT INTO Empleados_Factura(IdFactura,CedulaEmpleado) VALUES('7','8652091730');
INSERT INTO Empleados_Factura(IdFactura,CedulaEmpleado) VALUES('8','7151944124');
INSERT INTO Empleados_Factura(IdFactura,CedulaEmpleado) VALUES('8','8652091730');
INSERT INTO Empleados_Factura(IdFactura,CedulaEmpleado) VALUES('9','7151944124');
INSERT INTO Empleados_Factura(IdFactura,CedulaEmpleado) VALUES('9','3599958456');
INSERT INTO Empleados_Factura(IdFactura,CedulaEmpleado) VALUES('10','7666106828');
INSERT INTO Empleados_Factura(IdFactura,CedulaEmpleado) VALUES('10','3599958456');
INSERT INTO Empleados_Factura(IdFactura,CedulaEmpleado) VALUES('11','3599958456');
INSERT INTO Empleados_Factura(IdFactura,CedulaEmpleado) VALUES('11','7666106828');
INSERT INTO Empleados_Factura(IdFactura,CedulaEmpleado) VALUES('12','8652091730');
INSERT INTO Empleados_Factura(IdFactura,CedulaEmpleado) VALUES('12','7666106828');
INSERT INTO Empleados_Factura(IdFactura,CedulaEmpleado) VALUES('13','8652091730');
INSERT INTO Empleados_Factura(IdFactura,CedulaEmpleado) VALUES('13','3599958456');
INSERT INTO Empleados_Factura(IdFactura,CedulaEmpleado) VALUES('14','7151944124');
INSERT INTO Empleados_Factura(IdFactura,CedulaEmpleado) VALUES('14','8652091730');
INSERT INTO Empleados_Factura(IdFactura,CedulaEmpleado) VALUES('15','7151944124');
INSERT INTO Empleados_Factura(IdFactura,CedulaEmpleado) VALUES('15','8652091730');
INSERT INTO Empleados_Factura(IdFactura,CedulaEmpleado) VALUES('16','8652091730');
INSERT INTO Empleados_Factura(IdFactura,CedulaEmpleado) VALUES('16','3599958456');
INSERT INTO Empleados_Factura(IdFactura,CedulaEmpleado) VALUES('17','3599958456');
INSERT INTO Empleados_Factura(IdFactura,CedulaEmpleado) VALUES('17','7151944124');
INSERT INTO Empleados_Factura(IdFactura,CedulaEmpleado) VALUES('18','7666106828');
INSERT INTO Empleados_Factura(IdFactura,CedulaEmpleado) VALUES('18','3599958456');
INSERT INTO Empleados_Factura(IdFactura,CedulaEmpleado) VALUES('19','7666106828');
INSERT INTO Empleados_Factura(IdFactura,CedulaEmpleado) VALUES('19','7151944124');
INSERT INTO Empleados_Factura(IdFactura,CedulaEmpleado) VALUES('20','7666106828');
INSERT INTO Empleados_Factura(IdFactura,CedulaEmpleado) VALUES('20','3599958456');
INSERT INTO Empleados_Factura(IdFactura,CedulaEmpleado) VALUES('21','7151944124');
INSERT INTO Empleados_Factura(IdFactura,CedulaEmpleado) VALUES('21','7666106828');
INSERT INTO Empleados_Factura(IdFactura,CedulaEmpleado) VALUES('22','7666106828');
INSERT INTO Empleados_Factura(IdFactura,CedulaEmpleado) VALUES('22','3599958456');
INSERT INTO Empleados_Factura(IdFactura,CedulaEmpleado) VALUES('23','7666106828');
INSERT INTO Empleados_Factura(IdFactura,CedulaEmpleado) VALUES('23','8652091730');
INSERT INTO Empleados_Factura(IdFactura,CedulaEmpleado) VALUES('24','8652091730');
INSERT INTO Empleados_Factura(IdFactura,CedulaEmpleado) VALUES('24','7666106828');
INSERT INTO Empleados_Factura(IdFactura,CedulaEmpleado) VALUES('25','8652091730');
INSERT INTO Empleados_Factura(IdFactura,CedulaEmpleado) VALUES('25','7666106828');
INSERT INTO Empleados_Factura(IdFactura,CedulaEmpleado) VALUES('26','3599958456');
INSERT INTO Empleados_Factura(IdFactura,CedulaEmpleado) VALUES('26','8652091730');
INSERT INTO Empleados_Factura(IdFactura,CedulaEmpleado) VALUES('27','3599958456');
INSERT INTO Empleados_Factura(IdFactura,CedulaEmpleado) VALUES('27','7151944124');
INSERT INTO Empleados_Factura(IdFactura,CedulaEmpleado) VALUES('28','3599958456');
INSERT INTO Empleados_Factura(IdFactura,CedulaEmpleado) VALUES('28','7151944124');
INSERT INTO Empleados_Factura(IdFactura,CedulaEmpleado) VALUES('29','7666106828');
INSERT INTO Empleados_Factura(IdFactura,CedulaEmpleado) VALUES('29','3599958456');
INSERT INTO Empleados_Factura(IdFactura,CedulaEmpleado) VALUES('30','3599958456');
INSERT INTO Empleados_Factura(IdFactura,CedulaEmpleado) VALUES('30','8652091730');
INSERT INTO Empleados_Factura(IdFactura,CedulaEmpleado) VALUES('31','3599958456');
INSERT INTO Empleados_Factura(IdFactura,CedulaEmpleado) VALUES('31','7151944124');
INSERT INTO Empleados_Factura(IdFactura,CedulaEmpleado) VALUES('32','8652091730');
INSERT INTO Empleados_Factura(IdFactura,CedulaEmpleado) VALUES('32','3599958456');
INSERT INTO Empleados_Factura(IdFactura,CedulaEmpleado) VALUES('33','7666106828');
INSERT INTO Empleados_Factura(IdFactura,CedulaEmpleado) VALUES('33','7151944124');
INSERT INTO Empleados_Factura(IdFactura,CedulaEmpleado) VALUES('34','8652091730');
INSERT INTO Empleados_Factura(IdFactura,CedulaEmpleado) VALUES('34','3599958456');
INSERT INTO Empleados_Factura(IdFactura,CedulaEmpleado) VALUES('35','8652091730');
INSERT INTO Empleados_Factura(IdFactura,CedulaEmpleado) VALUES('35','7666106828');
INSERT INTO Empleados_Factura(IdFactura,CedulaEmpleado) VALUES('36','3599958456');
INSERT INTO Empleados_Factura(IdFactura,CedulaEmpleado) VALUES('36','7666106828');
INSERT INTO Empleados_Factura(IdFactura,CedulaEmpleado) VALUES('37','8652091730');
INSERT INTO Empleados_Factura(IdFactura,CedulaEmpleado) VALUES('37','7666106828');
INSERT INTO Empleados_Factura(IdFactura,CedulaEmpleado) VALUES('38','7151944124');
INSERT INTO Empleados_Factura(IdFactura,CedulaEmpleado) VALUES('38','3599958456');
INSERT INTO Empleados_Factura(IdFactura,CedulaEmpleado) VALUES('39','7666106828');
INSERT INTO Empleados_Factura(IdFactura,CedulaEmpleado) VALUES('39','7151944124');
INSERT INTO Empleados_Factura(IdFactura,CedulaEmpleado) VALUES('40','7666106828');
INSERT INTO Empleados_Factura(IdFactura,CedulaEmpleado) VALUES('40','7151944124');
INSERT INTO Empleados_Factura(IdFactura,CedulaEmpleado) VALUES('41','7151944124');
INSERT INTO Empleados_Factura(IdFactura,CedulaEmpleado) VALUES('41','8652091730');
INSERT INTO Empleados_Factura(IdFactura,CedulaEmpleado) VALUES('42','3599958456');
INSERT INTO Empleados_Factura(IdFactura,CedulaEmpleado) VALUES('42','7666106828');
INSERT INTO Empleados_Factura(IdFactura,CedulaEmpleado) VALUES('43','7151944124');
INSERT INTO Empleados_Factura(IdFactura,CedulaEmpleado) VALUES('43','3599958456');
INSERT INTO Empleados_Factura(IdFactura,CedulaEmpleado) VALUES('44','7151944124');
INSERT INTO Empleados_Factura(IdFactura,CedulaEmpleado) VALUES('44','8652091730');
INSERT INTO Empleados_Factura(IdFactura,CedulaEmpleado) VALUES('45','3599958456');
INSERT INTO Empleados_Factura(IdFactura,CedulaEmpleado) VALUES('45','7151944124');
INSERT INTO Empleados_Factura(IdFactura,CedulaEmpleado) VALUES('46','7666106828');
INSERT INTO Empleados_Factura(IdFactura,CedulaEmpleado) VALUES('46','7151944124');
INSERT INTO Empleados_Factura(IdFactura,CedulaEmpleado) VALUES('47','7666106828');
INSERT INTO Empleados_Factura(IdFactura,CedulaEmpleado) VALUES('47','8652091730');
INSERT INTO Empleados_Factura(IdFactura,CedulaEmpleado) VALUES('48','7151944124');
INSERT INTO Empleados_Factura(IdFactura,CedulaEmpleado) VALUES('48','7666106828');
INSERT INTO Empleados_Factura(IdFactura,CedulaEmpleado) VALUES('49','8652091730');
INSERT INTO Empleados_Factura(IdFactura,CedulaEmpleado) VALUES('49','7666106828');
INSERT INTO Empleados_Factura(IdFactura,CedulaEmpleado) VALUES('50','8652091730');
INSERT INTO Empleados_Factura(IdFactura,CedulaEmpleado) VALUES('50','7151944124');